Codes,New Code,Borough,Names,Median House Price,Number of properties sold,Children in Poverty,GCSE,Total crime rate,Total crime numbers,Happiness and Well-being,Childhood Obesity Prevalence,Annual Mean of Particulate Matter_PM10,Annual Mean of Nitrogen Oxide_NOx,Annual Mean of Nitrogen Dioxide_NO2, Greenspace,homes with deficiency in access to nature,Public Transport Accessibility,Income Scale,Total employment,Economically active: Total,Economically active:  Unemployed,Life expectancy at birth,Median Modelled Household income ,Mean Modelled Household income
00AA,E09000001,City of London,City of London,465000,256,13.9,363,681,5441,7.6,23.21,21.7,94.9,50.2,4.8,100,7.7,146,388600,4535,4.7,86.4,63620,99390
00ABFX,E05000026,Barking and Dagenham,Abbey,177000,111,34.5,335,142.2,1960,7.9,24.72,18.6,53.8,33.7,19.8,2.2,5.9,2838,8200,4631,9.7,82.0,33920,38870
00ABFY,E05000027,Barking and Dagenham,Alibon,160000,68,35.7,333,75.7,793,7.4,26.00,17.8,41.7,28.7,22.9,71.7,3.3,2731,800,3955,7.8,79.0,32470,37290
00ABFZ,E05000028,Barking and Dagenham,Becontree,170000,175,34.3,327,79.3,960,7.6,29.26,17.9,44.0,29.7,5.9,17.2,2.9,3009,1200,4770,7.2,79.2,33000,37860
00ABGA,E05000029,Barking and Dagenham,Chadwell Heath,195000,73,35.6,340,72.4,740,7.1,24.59,17.7,39.5,27.7,64.3,63.6,2.3,2525,1700,3886,7.2,80.8,33920,38860
00ABGB,E05000030,Barking and Dagenham,Eastbrook,191750,100,28.4,330,58.3,623,7.9,21.56,17.5,37.8,27.1,45.8,0.0,2.3,1844,4000,4805,4.9,79.2,37400,42780
00ABGC,E05000031,Barking and Dagenham,Eastbury,167250,60,33.4,349,71.2,838,8.1,26.51,18.4,48.8,31.6,15.8,6.4,2.8,2951,1000,4488,6.5,82.0,32870,37720
00ABGD,E05000032,Barking and Dagenham,Gascoigne,145000,58,38.6,331,89.8,1268,7.8,28.99,19.0,55.4,34.1,19.6,6.3,3.8,3920,2900,3720,11.8,78.2,29480,34140
00ABGE,E05000033,Barking and Dagenham,Goresbrook,155000,64,33.6,332,77.3,880,6.9,25.16,18.1,45.7,30.2,19.1,8.3,2.5,2871,1300,4444,7.0,80.3,33250,38130
00ABGF,E05000034,Barking and Dagenham,Heath,155000,85,40.6,326,83.1,912,7.5,26.02,17.8,41.6,28.6,39.9,90.5,2.6,3085,2500,3784,8.7,78.5,31340,36080
00ABGG,E05000035,Barking and Dagenham,Longbridge,250000,121,19.4,352,57.5,675,8.1,24.89,18.0,46.2,30.8,22.4,4.4,3.1,1646,1700,4371,3.9,82.2,40570,46520
00ABGH,E05000036,Barking and Dagenham,Mayesbrook,160000,52,36,339,74.0,772,7.6,24.31,17.8,42.9,29.5,35.8,0.0,2.6,2793,800,3915,6.9,80.0,31530,36280
00ABGJ,E05000037,Barking and Dagenham,Parsloes,157000,59,35,332,63.6,633,8.3,26.53,18.0,43.7,29.5,20.4,29.8,2.7,2611,600,3764,7.0,79.9,31860,36640
00ABGK,E05000038,Barking and Dagenham,River,153500,70,32.1,337,75.0,859,7.4,30.17,17.9,43.5,29.4,16.8,0.0,3.0,2503,6200,4670,6.9,76.5,33490,38390
00ABGL,E05000039,Barking and Dagenham,Thames,167500,49,37.1,329,84.9,1259,7.7,26.96,18.2,45.4,30.3,41.6,23.2,2.2,2931,9300,3704,9.3,80.1,32580,37400
00ABGM,E05000040,Barking and Dagenham,Valence,184000,137,33.2,340,70.7,712,7.5,24.58,17.9,43.4,29.3,17.2,60.3,3.2,2475,1900,3714,6.7,78.8,33200,38080
00ABGN,E05000041,Barking and Dagenham,Village,156000,64,37.9,317,85.6,933,7.1,27.89,17.6,38.8,27.6,46.5,0.0,2.8,2846,900,4248,7.5,78.5,31960,36740
00ABGP,E05000042,Barking and Dagenham,Whalebone,189000,112,27.5,345,79.4,867,7.7,22.83,18.0,43.9,29.3,16.9,98.0,2.9,1849,3500,4668,4.0,83.4,37180,42530
00ACFX,E05000043,Barnet,Brunswick Park,343000,140,17.8,367,49.9,837,7.5,16.49,17.8,44.4,30.0,27.9,0.7,2.8,2043,4200,7254,4.2,83.5,39800,53440
00ACFY,E05000044,Barnet,Burnt Oak,230000,97,32.8,343,62.1,1157,7.4,25.31,17.8,45.3,30.5,24.7,2.8,3.6,4823,2300,6712,7.7,78.8,29400,39000
00ACFZ,E05000045,Barnet,Childs Hill,387493,216,23.7,369,84.8,1722,7.5,16.94,18.7,56.4,35.3,13.7,42.1,4.5,2625,6000,8505,6.0,81.1,38960,52190
00ACGA,E05000046,Barnet,Colindale,242250,246,34.5,342,54.0,1165,7.1,26.03,18.0,48.4,31.6,31.8,48.8,2.5,4165,9100,6347,8.3,83.9,30170,39990
00ACGB,E05000047,Barnet,Coppetts,290000,226,23.6,368,80.3,1404,7.1,19.50,18.5,51.3,32.6,32.3,8.6,2.9,2683,3400,7697,5.5,80.6,38090,50910
00ACGC,E05000048,Barnet,East Barnet,305000,169,19.4,351,45.7,751,7.3,22.17,17.5,40.1,28.1,35.8,0.0,2.6,2054,3700,7951,4.4,83.2,39870,53550
00ACGD,E05000049,Barnet,East Finchley,337500,196,20.7,351,44.1,715,7.4,17.31,18.5,50.6,32.7,39.5,6.5,2.6,2513,3900,7801,5.5,83.6,41160,55480
00ACGE,E05000050,Barnet,Edgware,300000,175,21.2,356,66.5,1129,7.2,17.09,17.8,43.8,29.5,53.1,19.6,2.9,2686,7300,6998,5.0,85.6,38410,51380
00ACGF,E05000051,Barnet,Finchley Church End,385000,179,11.1,369,45.5,732,7.3,11.58,18.6,51.0,32.8,17.0,12.5,2.9,1324,5700,6992,4.0,86.4,45030,61510
00ACGG,E05000052,Barnet,Garden Suburb,575000,195,7.7,380,51.3,833,7.6,12.50,18.4,51.1,33.0,28.0,2.4,2.7,757,6000,7319,3.9,87.1,53090,74940
00ACGH,E05000053,Barnet,Golders Green,429250,138,18.5,363,57.5,1240,7.2,16.44,19.2,57.7,35.4,18.6,41.7,3.4,2644,5800,7014,5.8,81.6,40800,54940
00ACGJ,E05000054,Barnet,Hale,319975,146,19.5,348,49.7,875,7.1,20.57,18.1,46.8,30.6,52.7,7.2,2.5,2720,2900,7530,4.4,83.7,38590,51650
00ACGK,E05000055,Barnet,Hendon,325000,219,13.5,354,72.9,1358,7.0,19.12,18.9,53.9,33.8,21.8,36.2,2.6,2430,7600,7417,5.5,82.2,38530,51560
00ACGL,E05000056,Barnet,High Barnet,330000,223,11.4,381,61.8,966,7.7,16.08,17.4,37.7,27.1,61.8,4.4,2.7,1205,6100,7193,3.5,83.1,43940,59790
00ACGM,E05000057,Barnet,Mill Hill,370000,280,20,360,67.2,1277,7.2,18.22,17.9,44.1,30.0,61.5,2.5,2.2,2615,6800,7639,4.1,85.2,41920,56660
00ACGN,E05000058,Barnet,Oakleigh,320000,199,17.9,369,49.9,799,7.4,16.92,17.8,43.6,29.5,17.8,46.1,3.2,1851,4400,7324,3.7,82.7,41670,56260
00ACGP,E05000059,Barnet,Totteridge,482475,188,12.9,379,37.0,588,7.5,17.94,17.5,39.4,28.0,63.1,1.0,2.7,1183,5200,7002,3.4,84.5,46150,63320
00ACGQ,E05000060,Barnet,Underhill,297000,145,26,337,57.0,936,7.5,19.47,17.4,38.3,27.4,48.6,8.6,2.6,2793,4800,7343,4.9,81.0,37040,49390
00ACGR,E05000061,Barnet,West Finchley,292500,184,14.1,377,58.4,980,7.1,14.50,18.1,47.6,31.3,15.8,15.1,3.8,1719,8000,7779,4.3,83.0,42050,56850
00ACGS,E05000062,Barnet,West Hendon,310000,139,19.2,352,104.1,1882,7.2,16.50,19.0,56.5,34.7,30.1,29.0,3.5,2571,9200,7011,6.0,83.4,35090,46620
00ACGT,E05000063,Barnet,Woodhouse,280000,187,19,359,68.5,1228,7.9,20.83,18.3,48.3,31.6,21.8,34.3,2.8,2635,5900,7920,5.5,83.1,38220,51100
00ADGA,E05000064,Bexley,Barnehurst,223500,135,16.9,365,42.9,454,7.7,24.85,17.7,41.0,28.3,38.4,10.5,3.0,1007,2300,5282,3.4,82.6,38200,45990
00ADGB,E05000065,Bexley,Belvedere,168500,125,27,312,61.7,755,8.1,28.37,17.6,40.3,28.2,31.9,0.0,2.4,1867,3900,5368,5.2,82.6,33510,40110
00ADGC,E05000066,Bexley,Blackfen and Lamorbey,235000,129,9.6,364,27.4,295,8.1,20.00,17.7,42.2,29.0,9.5,1.8,2.0,676,1300,5346,3.1,85.4,40780,49390
00ADGD,E05000067,Bexley,Blendon and Penhill,239000,140,8.6,355,32.8,363,8.1,15.79,18.2,46.5,30.4,14.1,0.0,2.0,672,1300,5331,2.7,84.4,40340,48800
00ADGE,E05000068,Bexley,Brampton,250000,115,9.5,366,31.1,332,7.7,23.70,17.7,41.3,28.5,10.9,48.9,2.5,710,1400,5114,3.0,85.1,40790,49400
00ADGF,E05000069,Bexley,Christchurch,232750,140,13.5,375,102.6,1156,8.0,14.23,18.1,45.9,30.2,19.4,20.1,3.4,879,8200,5339,3.4,81.6,40190,48590
00ADGG,E05000070,Bexley,Colyers,200000,98,26.5,342,37.2,422,7.9,26.65,17.5,39.3,27.5,15.8,68.4,1.9,1992,800,5112,6.0,81.6,34450,41250
00ADGH,E05000071,Bexley,Crayford,172650,141,24.2,336,57.1,668,7.5,19.56,17.7,40.6,27.9,45.3,7.0,2.0,1636,6500,5059,3.9,81.9,34900,41810
00ADGJ,E05000072,Bexley,Cray Meadows,227000,116,24.3,352,47.2,537,7.3,25.40,17.5,37.2,26.9,66.9,0.0,2.0,1651,6300,4834,4.7,81.9,35530,42600
00ADGK,E05000073,Bexley,Danson Park,220000,129,17.5,356,54.7,603,8.1,22.92,18.1,45.0,30.0,33.3,0.1,2.9,928,2600,5190,3.6,82.2,38580,46480
00ADGL,E05000074,Bexley,East Wickham,222500,119,19.4,346,42.6,470,7.8,22.97,17.8,42.3,29.2,29.7,0.0,2.8,1313,1400,5123,3.9,83.1,36260,43510
00ADGM,E05000075,Bexley,Erith,159950,103,29,337,76.3,954,8.1,29.91,17.7,40.6,28.2,7.4,23.4,2.5,2029,5600,4971,5.6,81.9,33160,39690
00ADGN,E05000076,Bexley,Falconwood and Welling,225000,126,11.5,344,46.2,507,8.1,24.93,18.2,48.3,31.2,5.7,37.1,2.6,707,1600,5309,2.9,83.2,39000,47030
00ADGP,E05000077,Bexley,Lesnes Abbey,218000,105,22.4,335,52.0,599,7.9,22.42,17.8,41.5,28.8,37.9,0.1,2.8,1701,600,5185,5.8,82.9,35630,42710
00ADGQ,E05000078,Bexley,Longlands,232748,136,12.8,374,36.3,384,7.9,17.44,18.1,43.5,29.3,34.4,61.6,2.6,790,3800,4804,2.7,81.8,40880,49520
00ADGR,E05000079,Bexley,North End,160000,84,34.6,322,73.9,871,7.1,22.76,17.5,37.0,26.7,54.0,41.0,2.4,2711,3000,4822,6.9,78.7,29930,35880
00ADGS,E05000080,Bexley,Northumberland Heath,225000,120,18.3,350,45.7,491,8.2,22.49,17.6,40.2,28.0,16.0,6.2,2.1,1092,1800,5255,3.6,82.8,37130,44610
00ADGT,E05000081,Bexley,St. Mary's,280000,144,7.4,376,33.2,352,8.1,14.41,17.7,40.8,28.2,44.3,0.0,2.6,551,2200,5010,2.8,84.9,44010,53800
00ADGU,E05000082,Bexley,St. Michael's,220000,112,13.1,352,26.4,298,8.0,21.99,17.6,42.1,28.9,8.3,22.8,2.0,871,1000,5402,3.8,82.8,38510,46390
00ADGW,E05000083,Bexley,Sidcup,245500,160,11,370,47.2,521,7.5,18.40,17.7,42.2,29.0,29.8,4.2,3.0,686,6700,5307,2.8,81.6,41220,49970
00ADGX,E05000084,Bexley,Thamesmead East,120000,63,29.8,348,57.6,713,7.6,28.00,17.5,39.4,28.1,53.8,0.0,2.6,2510,3500,5473,7.8,79.9,32100,38410
00AEGJ,E05000085,Brent,Alperton,240000,102,16.5,332,68.8,1013,7.5,18.85,18.3,50.1,32.9,17.3,0.0,3.0,2163,8400,6141,7.2,82.5,31250,38550
00AEGK,E05000086,Brent,Barnhill,337500,109,27.1,355,66.0,1064,7.5,25.15,18.1,47.5,31.4,32.8,0.1,3.0,3400,3500,5910,7.4,79.4,34630,42740
00AEGL,E05000087,Brent,Brondesbury Park,368250,130,24.1,340,63.2,835,7.9,22.91,18.5,56.1,35.4,11.4,24.6,4.0,2008,2100,6101,6.5,84.0,40020,49860
00AEGM,E05000088,Brent,Dollis Hill,300000,88,35.7,331,67.0,910,7.0,21.94,19.0,55.9,34.7,19.8,0.1,2.8,3181,5200,5720,7.5,85.5,30990,38230
00AEGN,E05000089,Brent,Dudden Hill,375000,87,34.3,348,85.2,1321,7.3,26.68,19.0,60.4,36.2,14.5,0.3,3.4,3004,3400,6897,7.7,84.6,33470,41280
00AEGP,E05000090,Brent,Fryent,288500,80,20.2,356,59.0,817,7.2,21.23,18.0,46.2,30.9,42.0,4.8,2.8,2384,4000,5753,7.1,82.4,35590,43960
00AEGQ,E05000091,Brent,Harlesden,223000,85,40.9,308,97.4,1692,8.0,29.31,19.0,63.2,37.3,8.5,0.0,3.8,5059,2000,5501,11.4,80.5,27030,33620
00AEGR,E05000092,Brent,Kensal Green,332000,135,30.7,306,86.4,1301,7.2,27.07,19.4,70.1,39.6,8.5,0.0,4.1,2983,1800,5687,7.7,84.3,34640,42750
00AEGS,E05000093,Brent,Kenton,382670,69,12.3,374,49.8,621,7.4,21.58,17.8,44.6,30.2,15.7,6.4,2.6,1269,2500,5852,4.6,87.3,42190,52870
00AEGT,E05000094,Brent,Kilburn,340000,151,36,340,77.8,1352,7.0,25.78,18.9,63.2,38.3,11.3,12.6,5.5,4326,3000,7342,9.7,83.1,34270,42280
00AEGU,E05000095,Brent,Mapesbury,330000,125,29,333,68.0,1077,8.0,21.65,18.5,56.3,35.1,9.0,66.4,4.5,2389,2500,7490,7.5,81.5,36830,45580
00AEGW,E05000096,Brent,Northwick Park,366000,97,14.9,370,58.1,767,7.3,20.94,17.9,46.5,30.9,29.6,18.9,2.8,1506,6900,6106,5.5,82.7,41100,51340
00AEGX,E05000097,Brent,Preston,316000,115,23.9,365,55.1,864,7.4,23.83,18.0,49.0,31.8,18.1,67.0,3.1,2533,3500,6154,6.5,82.7,35960,44440
00AEGY,E05000098,Brent,Queens Park,460000,218,18.4,348,72.9,1126,7.4,17.38,18.8,63.1,37.9,17.9,0.0,5.0,2014,4500,6972,7.3,83.8,42880,53850
00AEGZ,E05000099,Brent,Queensbury,310000,92,21.3,348,67.2,1079,7.4,21.51,17.9,45.5,30.4,16.4,51.9,3.0,2454,4000,6323,6.0,82.2,35110,43360
00AEHA,E05000100,Brent,Stonebridge,204000,63,44.4,323,119.9,2077,7.1,26.49,19.1,58.6,35.7,22.6,0.0,3.0,6230,17200,6453,13.5,79.3,25800,32250
00AEHB,E05000101,Brent,Sudbury,250000,84,20.6,356,46.0,697,7.6,25.90,18.1,52.1,32.7,33.7,35.4,3.3,2751,2200,6057,7.0,81.4,33530,41350
00AEHC,E05000102,Brent,Tokyngton,265000,103,24.2,343,82.9,1416,7.5,27.19,18.3,52.0,33.1,18.9,47.0,3.3,2225,13400,5802,6.3,81.0,33130,40860
00AEHD,E05000103,Brent,Welsh Harp,250000,68,28,341,61.4,856,7.5,26.61,18.7,52.7,33.4,23.0,0.0,2.8,2918,1700,5878,6.6,82.9,31620,39000
00AEHE,E05000104,Brent,Wembley Central,250000,78,22.8,343,107.8,1672,7.1,20.40,18.1,53.4,33.6,21.7,6.8,4.7,2472,5600,5099,7.6,83.4,31040,38290
00AEHF,E05000105,Brent,Willesden Green,250000,109,34.2,321,94.4,1503,7.7,26.68,18.6,57.4,35.5,31.6,34.1,4.6,3342,3600,6908,8.6,80.4,31390,38710
00AFGD,E05000106,Bromley,Bickley,380000,211,8.4,389,37.9,583,7.9,12.54,17.7,40.6,28.1,22.0,60.3,2.3,946,3900,6708,2.8,81.6,47190,61330
00AFGE,E05000107,Bromley,Biggin Hill,246000,141,14.1,355,53.3,543,8.4,14.14,17.0,31.0,23.7,69.5,0.0,1.8,636,2200,5735,2.5,84.6,40930,52070
00AFGF,E05000108,Bromley,Bromley Common and Keston,293750,236,17.8,363,49.5,783,8.0,17.82,17.4,36.6,26.4,59.3,11.5,2.3,1828,4900,6829,3.5,83.3,40510,51480
00AFGG,E05000109,Bromley,Bromley Town,250000,301,12.4,373,134.2,2398,7.9,13.30,17.9,44.9,30.0,20.4,85.7,3.7,1467,23700,7954,3.5,81.5,43460,55730
00AFGH,E05000110,Bromley,Chelsfield and Pratts Bottom,294500,184,6.9,369,33.8,500,7.5,11.28,17.1,32.1,24.3,70.5,17.4,1.9,831,3000,6945,2.4,85.4,44850,57790
00AFGJ,E05000111,Bromley,Chislehurst,349995,255,9.6,373,60.8,927,7.9,15.51,17.6,38.6,27.5,59.1,1.1,2.2,1040,4500,6918,3.0,82.1,46250,59910
00AFGK,E05000112,Bromley,Clock House,250000,251,13.6,364,50.9,811,7.5,16.54,17.9,44.6,30.2,18.8,23.7,4.0,1526,3100,8725,4.0,82.7,41650,53100
00AFGL,E05000113,Bromley,Copers Cope,247000,349,18.8,356,61.9,976,7.8,13.30,17.9,44.2,30.0,23.6,10.4,3.1,1206,4700,8189,3.5,82.0,43170,55310
00AFGM,E05000114,Bromley,Cray Valley East,200000,148,34.8,337,91.2,1439,7.3,22.18,17.2,34.4,25.4,75.0,0.0,2.2,3085,6500,7101,4.8,81.4,32230,40390
00AFGN,E05000115,Bromley,Cray Valley West,200000,127,32.6,333,60.2,1029,7.2,18.25,17.5,38.1,27.0,25.8,0.0,2.4,3599,3800,7018,5.1,81.5,31740,39760
00AFGP,E05000116,Bromley,Crystal Palace,195000,213,35.3,330,84.5,1075,7.2,23.81,18.1,47.2,31.6,37.5,14.3,4.4,2654,1800,6070,8.0,79.4,34060,42730
00AFGQ,E05000117,Bromley,Darwin,355000,61,12.2,367,43.7,230,7.9,15.44,17.0,30.6,23.6,90.0,0.0,1.3,352,1400,2374,3.1,82.7,42810,54780
00AFGR,E05000118,Bromley,Farnborough and Crofton,310000,183,10.4,381,40.9,609,8.1,15.14,17.3,35.1,25.7,50.5,0.3,2.3,885,6400,6730,2.9,85.5,44590,57400
00AFGS,E05000119,Bromley,Hayes and Coney Hall,333250,230,7.1,376,35.0,568,8.3,12.05,17.4,36.2,26.4,67.6,24.9,2.3,835,3000,7342,2.9,84.2,45660,59000
00AFGT,E05000120,Bromley,Kelsey and Eden Park,330000,185,9.7,364,67.9,1102,7.4,15.19,17.8,41.7,28.9,41.8,20.7,2.6,1066,3900,7124,3.1,85.3,44700,57560
00AFGU,E05000121,Bromley,Mottingham and Chislehurst North,185500,110,33.4,342,88.3,904,7.9,22.65,17.7,41.9,29.1,43.6,0.0,2.5,2391,1100,4512,6.0,80.5,32330,40510
00AFGW,E05000122,Bromley,Orpington,250000,169,23.1,366,79.9,1251,7.5,19.53,17.3,36.0,25.9,22.7,16.8,2.7,2048,7300,6995,4.0,84.1,38090,48100
00AFGX,E05000123,Bromley,Penge and Cator,250000,188,28.7,337,85.0,1511,7.4,25.22,18.0,45.3,30.8,24.5,24.1,4.0,3423,4800,8678,7.0,82.4,36090,45390
00AFGY,E05000124,Bromley,Petts Wood and Knoll,423000,187,5.5,384,34.8,484,7.7,9.52,17.3,37.0,26.5,22.5,3.2,2.4,559,2300,6606,2.3,85.9,48530,63410
00AFGZ,E05000125,Bromley,Plaistow and Sundridge,250000,217,20,351,49.5,766,7.4,14.87,17.7,41.8,29.0,41.6,17.7,2.8,2038,3200,7507,4.1,79.9,39460,50000
00AFHA,E05000126,Bromley,Shortlands,325000,177,5.5,377,32.5,327,7.9,11.68,17.7,41.4,28.6,9.0,21.8,2.5,481,1100,4680,2.4,87.1,48020,62610
00AFHB,E05000127,Bromley,West Wickham,370000,193,5.1,372,29.4,447,8.2,11.95,17.6,39.9,27.9,31.5,32.6,2.1,678,3300,6903,2.8,84.5,46210,59830
00AGGD,E05000128,Camden,Belsize,650000,209,23.1,330,52.5,676,7.7,18.68,19.3,66.3,39.0,6.5,4.4,4.1,1728,3400,6672,6.3,86.3,52680,84280
00AGGE,E05000129,Camden,Bloomsbury,365000,150,27,363,332.8,3846,7.4,28.26,21.4,90.2,48.6,8.9,76.1,7.9,1210,70800,4531,6.1,84.0,40340,62190
00AGGF,E05000130,Camden,Camden Town with Primrose Hill,615000,195,33.4,357,328.3,4293,7.7,16.59,19.7,67.0,39.7,12.8,8.1,5.8,2448,14700,5909,9.4,84.6,45840,71650
00AGGG,E05000131,Camden,Cantelowes,413250,156,35.5,316,92.8,1152,7.8,20.29,20.0,70.0,40.4,9.3,31.3,4.9,2776,2600,5291,8.3,81.8,39060,60060
00AGGH,E05000132,Camden,Fortune Green,455000,153,24.3,328,56.3,680,7.3,20.57,18.7,61.0,37.0,18.1,36.7,4.5,1765,2200,6066,6.5,85.3,46800,73370
00AGGK,E05000134,Camden,Gospel Oak,415000,114,35.9,321,59.1,680,7.5,23.36,19.3,67.6,38.9,11.2,0.0,4.0,2933,2300,4965,8.5,83.3,39990,61590
00AGGN,E05000137,Camden,Highgate,487500,126,25.5,327,63.5,709,7.9,13.50,18.3,52.0,33.8,57.1,0.0,3.9,1947,2800,5440,7.1,85.1,47840,75250
00AGGP,E05000138,Camden,Holborn and Covent Garden,535000,179,36.6,331,323.6,4407,7.5,25.53,21.5,92.2,49.6,8.6,98.2,7.9,2760,110900,5311,8.0,84.4,40180,61920
00AGGQ,E05000139,Camden,Kentish Town,420000,143,33.9,332,89.4,1239,8.0,19.26,19.3,65.6,38.7,6.8,20.6,5.5,2898,9700,6042,7.3,78.6,41230,63670
00AGGR,E05000140,Camden,Kilburn,381000,128,45.5,332,103.6,1282,7.7,22.08,19.3,68.3,40.1,18.0,60.3,5.7,3540,3700,5273,9.7,78.5,34730,53190
00AGGS,E05000141,Camden,King's Cross,337500,70,38.7,290,120.7,1502,7.5,21.21,21.1,82.2,45.3,15.2,75.6,7.7,2453,16300,4680,10.1,83.8,32890,50390
00AGGT,E05000142,Camden,Regent's Park,375000,91,35.3,321,131.1,1885,7.3,26.14,20.4,73.2,42.0,27.4,0.0,6.6,3195,27600,5234,9.4,80.7,34260,52460
00AGGU,E05000143,Camden,St. Pancras and Somers Town,365000,94,45.7,320,89.6,1366,7.6,24.46,20.2,72.4,41.4,24.8,0.0,6.4,4648,16500,4920,12.8,79.6,30500,46850
00AGGW,E05000144,Camden,Swiss Cottage,570000,188,26,333,70.0,922,7.3,22.22,19.3,67.9,39.4,21.9,64.5,6.2,1842,4300,6538,5.5,84.6,50340,79860
00AGGX,E05000145,Camden,West Hampstead,428975,174,31.1,351,75.9,948,7.4,15.98,19.2,72.0,40.4,9.2,32.8,5.9,1941,4300,6330,6.4,83.4,46290,72450
00AHGE,E05000146,Croydon,Addiscombe,210000,202,24.3,342,61.6,1072,7.7,21.61,18.1,45.2,30.5,9.5,4.9,4.5,2305,4400,8788,4.8,80.5,38070,46520
00AHGF,E05000147,Croydon,Ashburton,272500,113,24,349,51.4,770,7.6,23.19,17.9,43.1,29.5,25.2,11.7,2.7,2236,1800,6493,4.5,82.6,38600,47220
00AHGG,E05000148,Croydon,Bensham Manor,191630,102,27.2,340,71.2,1168,7.7,24.42,18.1,45.1,30.7,11.5,91.9,3.4,2998,1600,8136,8.1,83.0,33530,40730
00AHGH,E05000149,Croydon,Broad Green,180818,156,30.9,328,157.8,3058,7.3,25.50,18.5,47.3,31.1,15.5,82.8,4.5,4067,11700,7252,7.5,80.2,31000,37670
00AHGJ,E05000150,Croydon,Coulsdon East,295000,149,15.3,352,36.1,452,8.2,17.40,17.1,33.8,25.1,62.2,0.0,1.7,1157,2600,5972,3.4,84.9,42660,52750
00AHGK,E05000151,Croydon,Coulsdon West,305000,140,10.3,386,49.5,694,7.6,19.68,17.5,37.8,26.8,28.2,52.1,2.4,967,3500,6650,2.8,81.7,46610,58380
00AHGL,E05000152,Croydon,Croham,215000,247,17.6,369,63.4,1015,8.0,19.06,17.9,43.1,29.3,22.8,41.9,3.2,1443,5000,8226,3.6,81.4,42260,52180
00AHGM,E05000153,Croydon,Fairfield,207500,221,23.2,367,188.4,3620,7.7,24.84,18.3,47.2,31.2,32.6,67.9,5.8,2053,35900,8119,6.0,80.8,39130,47920
00AHGN,E05000154,Croydon,Fieldway,162000,33,41.4,317,63.0,737,7.6,24.56,17.3,38.2,26.9,28.5,0.0,3.1,3948,900,4111,10.3,80.1,26720,32760
00AHGP,E05000155,Croydon,Heathfield,197000,142,21.4,354,68.3,920,8.0,17.84,17.5,37.2,26.9,67.5,0.0,2.3,1563,2500,6911,3.5,83.9,39770,48780
00AHGQ,E05000156,Croydon,Kenley,274750,180,14,355,36.6,562,7.6,14.70,17.4,36.7,26.3,40.0,9.1,1.9,1362,2200,6881,3.5,81.7,44160,54850
00AHGR,E05000157,Croydon,New Addington,186500,53,35.8,332,66.1,731,7.6,27.83,17.3,35.7,25.9,36.3,0.0,3.0,2791,2000,4271,7.0,78.8,28770,35060
00AHGS,E05000158,Croydon,Norbury,242500,119,22.5,356,65.6,1106,8.2,23.50,18.1,46.3,31.3,22.0,74.4,2.9,2465,2200,6748,6.1,81.6,36810,44870
00AHGT,E05000159,Croydon,Purley,272000,204,14.9,375,67.5,1021,8.3,16.85,18.0,43.4,29.1,10.6,20.0,2.8,1294,4800,6654,3.5,83.3,44600,55480
00AHGU,E05000160,Croydon,Sanderstead,310000,147,8.9,368,28.2,368,7.9,12.53,17.4,36.6,26.5,51.3,0.0,1.6,822,1800,5826,2.5,84.9,47030,59000
00AHGW,E05000161,Croydon,Selhurst,165000,130,34.5,338,91.3,1674,7.5,26.99,18.3,46.7,31.2,20.3,46.9,4.2,3980,6500,7428,8.0,77.1,31220,37920
00AHGX,E05000162,Croydon,Selsdon and Ballards,287500,120,9.1,366,30.8,371,7.7,15.42,17.4,36.4,26.5,55.6,0.0,2.0,506,2000,6143,2.4,86.4,45320,56510
00AHGY,E05000163,Croydon,Shirley,270000,149,22.7,335,41.0,596,7.9,20.00,17.5,39.7,28.0,21.2,30.7,1.9,1976,1600,6614,4.7,84.3,39500,48410
00AHGZ,E05000164,Croydon,South Norwood,180000,188,30.9,352,79.2,1326,7.7,23.42,18.1,45.7,31.0,24.3,4.8,3.9,3143,2500,7811,6.7,80.6,34430,41840
00AHHA,E05000165,Croydon,Thornton Heath,195000,134,29.1,340,72.9,1221,7.0,26.66,18.3,47.2,31.6,14.2,39.1,3.1,3443,2600,7472,6.6,80.4,33720,40960
00AHHB,E05000166,Croydon,Upper Norwood,245000,138,25.4,345,65.0,1065,7.4,23.69,18.1,46.4,31.4,25.8,6.3,2.9,2837,3000,7189,6.9,80.4,37430,45670
00AHHC,E05000167,Croydon,Waddon,198000,162,29.1,353,75.5,1312,7.1,19.92,18.4,47.2,30.9,31.3,59.2,3.6,2996,7000,6907,5.3,78.1,34630,42100
00AHHD,E05000168,Croydon,West Thornton,195000,123,28.8,344,98.0,1741,7.6,24.80,18.4,48.1,31.6,20.5,68.3,3.0,3396,7500,8036,7.9,81.0,32400,39350
00AHHE,E05000169,Croydon,Woodside,191000,127,30.6,340,71.3,1210,7.5,23.62,17.9,43.3,29.8,32.1,0.0,3.4,3346,1500,8313,6.1,81.8,33890,41170
00AJGC,E05000170,Ealing,Acton Central,331500,156,29.7,343,87.3,1370,7.6,19.44,19.1,72.4,39.3,17.2,100.0,3.3,2852,2700,7044,6.4,82.6,36500,46260
00AJGD,E05000171,Ealing,Cleveland,361500,130,26.7,349,46.0,677,8.1,19.25,18.4,57.3,34.7,34.8,30.6,2.9,2686,2300,7043,5.8,83.0,41730,53560
00AJGE,E05000172,Ealing,Dormers Wells,241000,51,28.7,330,54.8,770,7.7,23.39,18.4,55.3,34.1,42.0,2.7,3.2,3559,1500,5714,8.5,80.6,29350,37130
00AJGF,E05000173,Ealing,Ealing Broadway,339000,166,14.3,359,134.0,1994,7.8,15.05,18.8,71.0,38.7,9.4,52.3,4.6,1173,12400,7563,4.4,81.5,45540,59190
00AJGG,E05000174,Ealing,Ealing Common,342000,175,23.3,338,68.5,971,7.9,20.95,19.0,66.1,37.4,19.1,55.6,3.4,1698,3000,7565,4.8,80.8,43600,56300
00AJGH,E05000175,Ealing,East Acton,278000,196,37.5,341,107.5,2081,7.3,26.10,19.3,65.7,38.1,20.0,63.9,4.1,3600,16900,7126,6.4,82.3,32930,41590
00AJGJ,E05000176,Ealing,Elthorne,336500,176,24.3,349,75.1,1115,7.8,22.57,18.5,59.7,35.5,33.7,0.0,3.6,2403,3700,6857,5.4,81.1,38970,49650
00AJGK,E05000177,Ealing,Greenford Broadway,207500,121,30.4,328,84.0,1490,7.2,23.63,18.2,50.1,32.4,29.6,1.0,3.2,3889,4700,6362,6.1,80.1,30500,38540
00AJGL,E05000178,Ealing,Greenford Green,250000,110,18.2,347,76.1,1102,7.8,24.54,18.2,48.8,31.8,25.3,5.4,2.7,1893,8400,6562,5.1,82.8,35420,44830
00AJGM,E05000179,Ealing,Hanger Hill,370000,150,15.5,354,64.5,1014,7.6,18.40,19.4,62.4,36.8,27.5,8.1,3.7,1285,8400,7545,4.3,85.0,44760,58010
00AJGN,E05000180,Ealing,Hobbayne,285000,127,23.2,356,48.3,691,7.6,18.57,18.1,53.7,33.6,37.3,2.0,3.0,2626,1300,6575,4.9,81.6,36220,45900
00AJGP,E05000181,Ealing,Lady Margaret,250000,62,19.7,330,43.0,604,7.9,23.60,18.0,48.6,31.9,15.3,13.4,2.9,2389,900,6045,5.9,80.9,32520,41060
00AJGQ,E05000182,Ealing,Northfield,450000,198,8.5,381,39.7,541,7.6,13.13,18.4,50.1,32.8,19.2,4.9,3.3,947,2200,7348,4.0,83.9,48480,63700
00AJGR,E05000183,Ealing,North Greenford,270000,99,17,344,53.3,792,6.8,24.80,18.0,47.3,31.2,51.1,6.3,2.7,1904,2200,6668,4.9,84.3,36480,46250
00AJGS,E05000184,Ealing,Northolt Mandeville,222500,120,31.9,341,57.8,884,7.7,24.87,17.9,46.4,30.8,37.0,29.7,3.0,3233,6900,6164,6.6,82.8,31950,40330
00AJGT,E05000185,Ealing,Northolt West End,204000,93,34.2,332,72.6,1102,7.5,21.90,17.9,45.0,30.3,59.3,12.9,2.4,4232,1300,6009,6.9,80.4,28550,36170
00AJGU,E05000186,Ealing,Norwood Green,242500,48,30.5,341,92.8,1317,8.0,23.11,18.4,58.1,34.8,44.6,0.4,2.2,3849,12100,5321,7.1,79.6,29020,36730
00AJGW,E05000187,Ealing,Perivale,262500,121,17.3,353,77.9,1211,7.1,24.45,18.5,52.1,33.1,38.5,1.9,2.3,2087,6600,6889,5.3,83.8,36040,45650
00AJGX,E05000188,Ealing,South Acton,298500,172,34.1,343,87.0,1359,7.4,26.90,18.6,59.5,35.9,17.3,71.0,4.7,3340,6500,6795,6.8,79.2,34300,43350
00AJGY,E05000189,Ealing,Southall Broadway,230500,40,23.1,332,99.0,1474,8.2,23.26,18.6,68.9,37.6,29.7,12.8,3.3,3098,3900,5749,9.0,80.9,27930,35440
00AJGZ,E05000190,Ealing,Southall Green,212000,53,30.4,339,82.5,1275,8.3,24.66,18.3,62.8,36.2,11.8,4.6,3.0,3451,3200,5754,7.8,80.0,27150,34530
00AJHA,E05000191,Ealing,Southfield,570000,251,13.8,340,64.4,873,7.3,17.98,18.3,53.5,34.2,9.8,45.9,3.4,1282,4400,7612,4.4,83.0,50170,66360
00AJHB,E05000192,Ealing,Walpole,419500,184,11.5,382,70.1,944,7.9,18.52,18.3,52.8,33.9,18.1,53.4,3.7,1272,5900,7471,4.2,81.9,46240,60250
00AKGL,E05000193,Enfield,Bowes,250000,101,27.2,345,48.9,714,7.1,21.14,18.9,56.2,34.3,16.1,2.5,3.7,2529,1200,6087,7.3,84.2,36300,45290
00AKGM,E05000194,Enfield,Bush Hill Park,306500,146,18.4,365,50.8,724,7.5,22.38,18.1,46.1,30.5,27.0,45.7,2.7,1599,2300,6743,3.7,83.0,41800,52700
00AKGN,E05000195,Enfield,Chase,250000,162,29.6,335,56.1,791,6.8,24.44,17.5,40.4,27.7,84.5,0.0,1.9,2691,3500,6090,5.3,79.5,36350,45360
00AKGP,E05000196,Enfield,Cockfosters,385000,125,18.5,355,44.2,628,7.3,20.63,17.4,37.4,27.0,68.2,26.5,2.5,1736,3800,5687,4.8,84.6,43570,55190
00AKGQ,E05000197,Enfield,Edmonton Green,186500,94,44,335,110.6,2041,7.5,30.08,18.8,50.8,32.5,35.7,99.9,4.0,6814,7300,5939,11.1,81.9,26010,32940
00AKGR,E05000198,Enfield,Enfield Highway,218000,125,41.4,326,89.1,1467,7.4,27.04,17.6,41.0,28.6,25.6,82.7,2.5,4522,8700,6458,7.6,83.0,29450,36850
00AKGS,E05000199,Enfield,Enfield Lock,195000,121,43.2,333,66.3,1128,7.1,26.69,17.9,44.6,29.3,41.0,44.3,2.6,4669,3500,6202,5.9,79.2,30240,37780
00AKGT,E05000200,Enfield,Grange,314000,141,12.1,365,62.5,827,7.2,11.72,17.7,43.0,29.4,27.4,0.0,3.0,943,7100,5896,3.5,85.2,45960,58640
00AKGU,E05000201,Enfield,Haselbury,203500,115,40.2,332,65.2,1084,7.8,26.95,18.6,50.7,32.4,25.4,100.0,3.1,5003,1700,6533,8.2,82.3,29600,37020
00AKGW,E05000202,Enfield,Highlands,285000,187,17.1,358,45.3,611,7.8,19.43,17.4,38.5,27.5,57.2,33.3,2.6,1413,5500,6156,4.0,84.9,43540,55140
00AKGX,E05000203,Enfield,Jubilee,214950,87,37.3,332,60.9,895,7.5,24.32,17.8,42.6,29.2,29.3,99.9,2.5,3898,1900,5982,7.4,80.7,30800,38450
00AKGY,E05000204,Enfield,Lower Edmonton,201000,86,42.3,321,55.8,940,7.4,27.59,17.9,44.0,30.0,23.0,99.0,3.4,5267,2700,5730,8.4,81.1,28110,35300
00AKGZ,E05000205,Enfield,Palmers Green,273000,127,22.1,350,68.5,1075,7.6,22.55,18.7,52.6,33.0,16.6,5.9,2.5,2591,3300,6779,6.5,83.4,37970,47480
00AKHA,E05000206,Enfield,Ponders End,207000,89,42.3,338,74.6,1239,7.3,29.58,17.9,42.2,29.0,18.0,71.8,3.2,4709,6500,5918,8.3,80.4,28560,35810
00AKHB,E05000207,Enfield,Southbury,218500,126,37.2,335,102.2,1528,7.3,21.38,18.1,45.8,30.2,31.1,87.8,3.1,3617,10200,6183,6.3,83.0,33260,41440
00AKHC,E05000208,Enfield,Southgate,270000,180,20.8,369,63.9,951,7.9,17.49,17.9,43.2,29.5,24.9,20.6,3.1,1720,5600,6127,4.8,82.6,41520,52310
00AKHD,E05000209,Enfield,Southgate Green,347000,125,19.7,347,53.1,761,7.2,21.80,18.4,51.0,32.4,20.2,0.0,3.8,2014,2600,6358,6.1,83.0,42750,54020
00AKHE,E05000210,Enfield,Town,279000,189,16.2,347,50.1,765,7.8,20.63,17.7,42.4,28.8,18.6,22.8,2.5,1498,4600,7199,3.2,84.0,42300,53390
00AKHF,E05000211,Enfield,Turkey Street,220000,107,43.9,321,80.8,1196,7.2,25.75,18.3,48.8,30.5,32.1,47.5,2.5,4246,1300,5772,5.9,80.3,28960,36270
00AKHG,E05000212,Enfield,Upper Edmonton,200000,106,40.1,335,124.4,2277,7.9,30.11,19.1,55.3,34.1,28.4,72.5,3.2,5423,8200,6205,9.5,77.5,28480,35720
00AKHH,E05000213,Enfield,Winchmore Hill,337475,170,12.2,380,49.8,686,7.8,19.34,17.8,44.3,30.0,25.0,0.0,2.7,1348,3600,6381,4.8,82.1,45880,58520
00ALGP,E05000214,Greenwich,Abbey Wood,170250,88,36,314,78.3,1223,8.3,28.77,17.7,42.4,29.2,41.2,0.0,3.1,3738,1600,5809,9.3,79.1,31540,39630
00ALGQ,E05000215,Greenwich,Blackheath Westcombe,352475,222,13.5,370,69.9,898,7.6,21.91,18.8,53.8,34.1,20.6,0.0,3.4,1367,2800,6540,5.8,81.6,49160,63690
00ALGR,E05000216,Greenwich,Charlton,250000,140,29.2,331,53.8,775,7.6,26.43,18.6,51.3,33.1,34.0,33.0,3.7,3112,2400,6066,8.9,78.2,37940,47740
00ALGS,E05000217,Greenwich,Coldharbour and New Eltham,263000,117,20.8,347,49.9,650,8.0,21.86,18.1,44.2,29.8,18.1,53.9,2.8,1869,1400,5797,5.2,81.3,38390,48340
00ALGT,E05000218,Greenwich,Eltham North,250000,150,12.1,366,59.4,742,7.8,16.06,18.7,51.0,32.2,24.8,4.2,2.9,1242,3500,6084,4.8,83.9,43120,54840
00ALGU,E05000219,Greenwich,Eltham South,216500,144,25.9,352,75.5,952,7.8,24.26,17.9,43.1,29.6,52.2,0.6,3.2,1613,5200,5325,4.4,82.4,37120,46660
00ALGW,E05000220,Greenwich,Eltham West,225000,93,30.2,311,55.9,629,7.9,24.40,18.9,54.0,33.6,28.5,11.0,2.9,3059,1500,5825,11.3,79.2,34250,42970
00ALGX,E05000221,Greenwich,Glyndon,175000,107,34.4,320,57.0,1023,8.0,24.69,18.1,47.4,31.2,20.7,6.9,3.8,4273,3100,6438,11.3,77.0,31690,39810
00ALGY,E05000222,Greenwich,Greenwich West,320000,398,28.7,327,96.8,1660,8.0,25.22,18.9,54.4,34.5,39.4,0.0,4.3,2563,8300,5964,7.6,81.1,42270,53640
00ALGZ,E05000223,Greenwich,Kidbrooke with Hornfair,227500,140,28.8,322,59.2,843,7.2,24.12,18.3,48.6,31.9,28.8,26.1,2.6,2835,1500,5563,7.3,81.4,35740,44870
00ALHA,E05000224,Greenwich,Middle Park and Sutcliffe,250000,116,31.3,330,70.5,950,7.7,25.00,18.3,47.9,31.6,36.2,5.5,2.4,2868,2100,5712,8.0,81.6,35340,44350
00ALHB,E05000225,Greenwich,Peninsula,310000,355,30.1,326,108.5,2050,7.7,20.32,19.5,58.0,35.7,14.2,18.5,4.1,2107,11200,5284,6.6,81.4,41840,53050
00ALHC,E05000226,Greenwich,Plumstead,174500,104,29.3,328,66.5,1100,7.4,25.30,17.8,43.6,29.7,37.6,0.0,3.4,3418,2000,6470,8.0,80.8,32390,40660
00ALHD,E05000227,Greenwich,Shooters Hill,210000,105,19.3,358,45.6,608,8.0,22.67,17.7,42.2,29.4,56.5,0.0,2.4,1892,2300,6398,6.1,82.7,39030,49190
00ALHE,E05000228,Greenwich,Thamesmead Moorings,157000,59,32.2,337,69.5,1426,7.4,28.90,17.7,42.0,29.2,40.8,0.0,2.6,3931,4900,5824,10.3,77.1,34450,43220
00ALHF,E05000229,Greenwich,Woolwich Common,170000,72,35.2,322,90.1,1636,7.3,26.55,18.1,46.9,31.4,44.0,19.7,4.1,5034,6700,6342,11.5,79.1,30260,38090
00ALHG,E05000230,Greenwich,Woolwich Riverside,215000,150,37.2,312,101.3,2093,7.8,24.14,18.5,50.4,32.7,18.1,40.3,4.2,4940,10600,5595,13.9,78.1,33540,42080
00AMGA,E05000231,Hackney,Brownswood,298000,111,35.6,328,73,909,7.1,28.8,19.0,59.3,36.6,14.1,0.0,5.8,2605,1300,5870,9.6,80.9,40070,48860
00AMGB,E05000232,Hackney,Cazenove,292000,91,25.3,327,47,639,7.3,24.5,18.6,55.8,35.2,6.7,0.0,4.8,3692,1600,4331,10.6,85.2,38130,46380
00AMGC,E05000233,Hackney,Chatham,248500,100,41.6,323,112,1538,7.1,23.8,19.3,65.2,38.9,14.8,27.1,5.8,3965,6500,4787,11.9,80.3,32510,39570
00AMGD,E05000234,Hackney,Clissold,345000,141,24.8,346,71,896,6.9,17.6,18.7,55.7,35.4,10.9,2.5,3.7,2544,1900,5490,9.1,80.8,45450,56050
00AMGE,E05000235,Hackney,Dalston,315000,318,38.4,340,165,2565,7.3,26.7,19.2,64.4,38.6,12.0,100.0,5.6,3562,4500,5055,11.6,80.3,38230,46500
00AMGF,E05000236,Hackney,De Beauvoir,347500,146,38.4,333,171,2491,7.3,30.3,19.2,62.0,37.9,11.1,66.7,4.6,2988,3300,4650,10.6,78.5,39060,47560
00AMGG,E05000237,Hackney,Hackney Central,315000,163,40,341,108,1404,7.1,25.6,19.3,68.2,39.7,13.3,92.0,6.7,3616,6500,4769,11.9,79.8,35260,42840
00AMGH,E05000238,Hackney,Hackney Downs,275000,113,35.3,332,76,1009,7.0,25.7,18.7,58.4,35.9,26.3,2.3,5.3,3657,1400,4886,11.5,80.3,35700,43360
00AMGJ,E05000239,Hackney,Haggerston,362500,111,45.3,330,173,2551,7.6,29.0,20.0,71.6,41.2,21.2,26.7,5.2,3782,32600,4561,12.4,80.1,36080,43830
00AMGK,E05000240,Hackney,Hoxton,302500,105,45.4,308,125,1999,7.5,27.6,19.7,67.5,39.8,23.6,97.8,5.6,3724,13900,4886,12.0,80.5,34970,42490
00AMGL,E05000241,Hackney,King's Park,332000,83,41.4,333,64,733,7.2,25.5,18.4,49.9,32.9,58.3,0.0,3.1,3940,800,4550,11.7,82.0,31970,38930
00AMGM,E05000242,Hackney,Leabridge,249998,124,34.8,320,76,1098,7.2,22.1,18.7,58.0,35.7,21.7,0.0,4.3,3029,1600,4575,11.2,77.3,35110,42650
00AMGN,E05000243,Hackney,Lordship,250000,74,26,332,65,819,7.1,23.1,18.5,53.7,34.6,31.8,0.0,3.7,3583,2100,4757,9.7,81.2,39940,48700
00AMGP,E05000244,Hackney,New River,288500,40,26.5,324,57,782,7.3,29.1,18.9,57.1,35.8,19.5,0.0,5.0,3995,3200,4285,12.3,82.5,35590,43230
00AMGQ,E05000245,Hackney,Queensbridge,325000,127,39.5,320,131,1867,7.3,21.8,19.0,59.4,36.8,15.6,45.8,4.1,3664,3600,4470,13.0,80.9,36720,44620
00AMGR,E05000246,Hackney,Springfield,237500,45,29,347,64,808,7.4,23.8,18.3,52.1,33.7,29.7,0.0,3.1,4167,1500,3725,13.2,80.8,33570,40810
00AMGS,E05000247,Hackney,Stoke Newington Central,400000,120,26.6,333,88,1133,7.5,25.6,19.0,59.8,36.9,6.7,30.6,5.2,2669,3100,5165,10.0,82.2,42400,51920
00AMGT,E05000248,Hackney,Victoria,322750,102,38.1,325,102,1391,8.1,28.6,19.3,61.4,37.3,12.0,0.0,4.7,3745,2100,5402,10.3,79.5,37350,45410
00AMGU,E05000249,Hackney,Wick,267750,94,45.6,327,99,1206,7.5,30.8,20.2,67.5,38.9,33.6,0.0,4.0,3751,2100,4565,11.1,77.8,32890,40010
00ANGA,E05000250,Hammersmith and Fulham,Addison,378250,198,23.7,362,100.5,1131,7.7,23.84,19.2,64.6,38.6,2.4,80.8,6.4,1750,5300,6440,6.8,82.5,43970,63150
00ANGB,E05000251,Hammersmith and Fulham,Askew,360000,187,31.8,351,73.3,1012,8.0,21.64,18.9,58.1,36.1,7.5,10.9,3.5,2774,2000,6637,8.2,82.1,38450,54390
00ANGC,E05000252,Hammersmith and Fulham,Avonmore and Brook Green,432500,168,22.9,357,63.8,776,7.8,25.32,19.7,66.4,39.3,13.1,92.1,5.9,1727,10600,6372,7.2,82.2,43350,62140
00ANGD,E05000253,Hammersmith and Fulham,College Park and Old Oak,273500,30,44.9,341,118.5,1147,7.7,21.84,19.1,69.7,39.3,48.0,0.0,4.6,2515,14300,3378,9.7,79.2,30890,43410
00ANGE,E05000254,Hammersmith and Fulham,Fulham Broadway,499950,139,29.8,351,92.1,1008,7.5,20.00,18.9,60.6,37.3,7.5,38.5,5.0,1923,4000,5559,7.3,79.4,42130,60160
00ANGF,E05000255,Hammersmith and Fulham,Fulham Reach,450000,147,27.7,372,88.0,992,7.5,21.11,19.1,61.1,37.5,18.4,85.4,3.8,1492,8100,5792,6.7,81.1,42010,59970
00ANGG,E05000256,Hammersmith and Fulham,Hammersmith Broadway,390000,177,30.9,347,217.6,2562,7.6,22.99,20.6,75.6,42.5,7.4,5.2,6.0,2549,27100,6132,8.2,78.9,39500,56010
00ANGH,E05000257,Hammersmith and Fulham,Munster,535000,283,13.9,357,53.6,576,7.4,19.49,18.8,57.1,35.9,10.3,10.7,3.7,1110,2200,5992,5.1,82.8,50240,73820
00ANGJ,E05000258,Hammersmith and Fulham,North End,395000,161,35.2,361,64.6,762,7.7,25.99,19.7,67.1,39.3,10.1,74.4,5.3,2124,4900,6646,7.4,80.4,39510,56020
00ANGK,E05000259,Hammersmith and Fulham,Palace Riverside,598750,122,7.8,356,67.7,498,8.1,12.68,18.3,52.8,34.2,19.1,0.1,3.9,592,2600,3848,4.4,84.4,53330,79350
00ANGL,E05000260,Hammersmith and Fulham,Parsons Green and Walham,1125000,215,13.6,341,106.4,1121,7.8,23.38,19.3,62.6,37.9,11.6,44.1,4.7,1145,6400,5491,5.6,83.1,55720,83750
00ANGM,E05000261,Hammersmith and Fulham,Ravenscourt Park,603225,148,24.4,352,94.5,1003,7.9,13.11,19.5,63.3,37.9,12.8,0.0,4.2,1858,5200,5664,6.1,79.5,45510,65710
00ANGN,E05000262,Hammersmith and Fulham,Sands End,512000,300,32.4,354,63.9,816,8.2,27.47,18.6,54.3,34.8,14.3,94.2,3.0,2418,7000,5205,6.7,82.4,44170,63490
00ANGP,E05000263,Hammersmith and Fulham,Shepherd's Bush Green,322500,133,33.7,351,274.9,3359,7.7,28.08,19.3,64.5,38.9,9.8,5.3,5.6,2809,18100,5715,8.3,79.8,36430,51330
00ANGQ,E05000264,Hammersmith and Fulham,Town,468000,198,23.7,361,85.9,945,8.2,24.34,19.0,59.7,36.9,6.5,23.0,4.8,1388,6400,5846,6.0,84.3,47940,69820
00ANGR,E05000265,Hammersmith and Fulham,Wormholt and White City,375000,81,43.3,347,70.7,937,7.9,28.21,19.2,61.3,37.2,13.9,11.4,3.1,4282,1000,5398,10.9,82.6,31860,44740
00APGA,E05000266,Haringey,Alexandra,497500,160,10.7,376,65.5,784,7.0,9.86,18.1,49.0,32.2,45.7,0.0,3.0,1029,1600,5802,5.2,83.5,51450,69550
00APGB,E05000267,Haringey,Bounds Green,295000,98,31.7,344,79.0,1120,7.3,22.79,18.4,54.5,34.1,16.4,0.0,4.7,3168,2000,5271,8.1,81.3,34550,44700
00APGC,E05000268,Haringey,Bruce Grove,220486,104,36.5,317,81.8,1212,7.4,26.43,18.5,55.7,34.4,5.5,47.7,4.4,4393,2000,5454,10.9,81.0,30340,39330
00APGD,E05000269,Haringey,Crouch End,420000,222,8.8,368,62.5,789,7.4,11.59,18.4,51.3,33.6,18.9,0.2,3.3,1122,3400,6794,4.9,84.7,52070,70560
00APGE,E05000270,Haringey,Fortis Green,400000,143,13.5,368,60.3,771,7.1,9.24,18.3,50.1,32.6,25.0,0.0,3.1,1250,2600,6183,5.0,82.6,49950,67140
00APGF,E05000271,Haringey,Harringay,305000,117,29.1,334,99.3,1368,7.5,25.94,18.9,58.9,36.1,29.6,0.0,4.7,2933,2400,5785,7.6,82.5,37150,48190
00APGG,E05000272,Haringey,Highgate,465000,169,10.7,321,54.9,655,7.3,14.89,18.5,53.3,33.9,39.3,0.0,3.6,834,3100,6186,4.9,85.1,53710,73250
00APGH,E05000273,Haringey,Hornsey,307500,161,29.6,350,56.2,727,7.3,17.22,18.3,51.6,33.5,12.0,1.0,3.0,2844,3500,5316,7.3,82.7,40260,52520
00APGJ,E05000274,Haringey,Muswell Hill,570000,119,8.8,382,68.8,754,7.3,10.25,18.3,50.9,33.1,28.3,0.0,3.2,974,2800,5660,4.8,84.8,53910,73580
00APGK,E05000275,Haringey,Noel Park,250000,117,41.6,332,180.4,2598,7.3,31.29,18.6,56.1,35.3,7.7,59.5,5.9,4019,6900,5254,9.4,81.1,30620,39680
00APGL,E05000276,Haringey,Northumberland Park,183000,44,46.9,315,112.3,1667,7.8,30.50,18.2,49.0,32.1,24.6,7.2,3.9,5508,6500,4907,15.3,80.1,25090,33120
00APGM,E05000277,Haringey,St. Ann's,249973,104,33.3,337,67.2,1039,7.6,27.60,18.8,56.5,35.2,17.2,42.4,3.6,4004,2700,5843,10.5,81.2,32460,41990
00APGN,E05000278,Haringey,Seven Sisters,279950,95,25.2,327,72.3,1183,7.9,28.57,18.7,56.1,35.1,19.4,0.0,4.3,4354,3100,5644,11.8,82.1,33500,43330
00APGP,E05000279,Haringey,Stroud Green,325000,181,23.4,350,55.0,665,7.7,18.10,18.3,54.7,34.5,18.2,2.2,3.8,1899,1200,6287,7.6,81.1,44780,59130
00APGQ,E05000280,Haringey,Tottenham Green,211000,86,40.4,314,118.7,1820,7.3,28.50,19.1,61.2,36.6,11.5,49.0,5.7,4456,4200,5292,13.0,78.8,28920,37600
00APGR,E05000281,Haringey,Tottenham Hale,200000,77,41.3,318,94.3,1535,7.8,28.83,18.7,54.1,34.0,27.9,1.1,4.2,4953,5900,5303,14.0,81.0,27340,35720
00APGS,E05000282,Haringey,West Green,296000,76,37.9,310,67.6,931,6.9,26.58,18.5,53.1,33.8,33.1,62.1,3.8,3984,2100,5483,10.8,82.7,31110,40290
00APGT,E05000283,Haringey,White Hart Lane,216000,57,44.2,327,74.9,1032,7.1,26.94,18.5,51.3,33.1,29.3,13.5,3.2,5322,1100,4593,13.0,80.0,27010,35340
00APGU,E05000284,Haringey,Woodside,270000,125,36.3,339,70.9,1069,7.6,23.50,18.5,52.7,33.8,28.2,54.0,4.6,3711,4700,5469,8.8,81.6,32010,41420
00AQFY,E05000285,Harrow,Belmont,367500,95,13.6,371,37.2,432,7.7,15.89,17.7,42.8,29.1,15.5,1.4,1.7,1150,1500,4862,3.6,85.4,42380,54020
00AQFZ,E05000286,Harrow,Canons,301250,172,20.6,358,44.0,576,7.4,20.00,17.5,39.6,27.9,59.2,3.7,2.7,1347,4700,4713,4.0,83.8,39890,50460
00AQGA,E05000287,Harrow,Edgware,275000,91,22.3,345,57.2,685,7.4,20.58,17.7,43.0,29.5,16.4,44.9,2.9,2016,2400,4784,5.2,84.5,33600,41980
00AQGB,E05000288,Harrow,Greenhill,235000,114,25.4,368,130.7,1690,7.3,20.54,18.2,50.3,32.1,13.1,36.4,4.0,1893,17200,4959,5.2,81.7,37550,47230
00AQGC,E05000289,Harrow,Harrow on the Hill,295000,121,18,363,52.6,669,7.7,23.05,17.9,46.0,30.6,53.0,18.7,3.2,1601,4600,5498,4.9,83.5,39630,50100
00AQGD,E05000290,Harrow,Harrow Weald,277998,112,23.4,334,50.5,588,7.4,20.50,17.5,39.0,27.6,59.3,25.7,2.4,1803,2500,4859,4.4,82.7,36940,46390
00AQGE,E05000291,Harrow,Hatch End,368500,96,15.7,352,39.8,436,8.0,22.27,17.5,39.7,27.5,30.5,5.3,2.1,1109,2400,4862,3.5,84.5,42350,53990
00AQGF,E05000292,Harrow,Headstone North,365000,98,10.1,380,38.7,402,7.1,16.98,17.5,40.7,28.2,47.6,14.6,2.6,751,2000,4911,3.3,86.4,44470,57100
00AQGG,E05000293,Harrow,Headstone South,272500,123,19.7,372,36.9,423,7.5,20.07,17.7,44.4,29.7,12.2,77.6,3.0,1401,1900,5074,4.3,83.8,39090,49350
00AQGH,E05000294,Harrow,Kenton East,297500,50,19.8,361,33.3,382,7.5,22.32,17.9,46.1,30.5,8.9,52.3,2.4,1962,1200,4718,5.6,84.1,32880,41060
00AQGJ,E05000295,Harrow,Kenton West,320000,61,13.7,375,42.2,484,7.6,21.77,17.7,44.7,30.0,17.8,55.2,2.8,1375,3300,5195,4.3,83.8,38400,48400
00AQGK,E05000296,Harrow,Marlborough,235000,89,27.7,353,61.8,790,7.4,24.19,17.8,45.3,30.2,13.2,95.6,3.6,2242,3700,4852,4.4,83.2,34450,43080
00AQGL,E05000297,Harrow,Pinner,476000,116,15,363,44.9,461,7.0,12.80,17.4,37.9,26.9,33.0,0.0,1.9,1177,2800,4672,4.2,85.2,43950,56320
00AQGM,E05000298,Harrow,Pinner South,400000,117,8.3,367,26.5,282,7.4,15.21,17.5,40.8,28.1,22.1,0.0,2.1,735,1900,4795,3.0,88.5,49420,64680
00AQGN,E05000299,Harrow,Queensbury,283000,71,18.9,362,35.1,432,7.4,23.76,17.9,44.8,30.0,22.0,85.6,2.5,1802,1200,4888,4.8,82.6,35030,43850
00AQGP,E05000300,Harrow,Rayners Lane,313500,82,13.1,371,35.6,407,7.6,17.90,17.5,41.7,28.6,12.3,25.4,3.3,1248,2000,5181,3.9,84.4,40310,51060
00AQGQ,E05000301,Harrow,Roxbourne,225500,122,29.5,345,49.8,654,7.3,22.73,17.7,43.5,29.5,22.0,80.6,3.0,2784,1900,5111,6.8,83.4,32130,40110
00AQGR,E05000302,Harrow,Roxeth,250000,95,18.8,352,57.9,691,7.0,22.34,17.8,47.7,30.9,21.4,63.5,3.1,1775,1500,5261,5.2,83.0,35110,43940
00AQGS,E05000303,Harrow,Stanmore Park,347500,108,19.7,339,49.7,570,7.4,15.85,17.4,38.5,27.4,48.5,0.0,1.9,1662,3400,4382,4.1,84.6,39210,49520
00AQGT,E05000304,Harrow,Wealdstone,250000,109,28.9,336,55.6,648,7.2,23.29,17.6,43.0,29.3,7.1,95.1,3.1,2454,2200,4529,4.9,80.9,32080,40040
00AQGU,E05000305,Harrow,West Harrow,315000,91,21.1,341,32.6,348,7.7,20.64,17.7,44.3,29.7,20.6,27.9,3.2,1422,2500,4943,4.2,84.4,40210,50910
00ARGC,E05000306,Havering,Brooklands,201000,146,25.8,335,72.7,1158,7.9,21.92,17.8,41.1,28.3,46.9,78.6,2.8,2020,8800,6654,4.2,79.1,35250,42630
00ARGD,E05000307,Havering,Cranham,258500,164,10.1,368,26.5,332,7.9,19.05,17.4,38.8,26.3,58.9,32.1,2.2,789,1600,5658,2.6,85.6,42250,51810
00ARGE,E05000308,Havering,Elm Park,200000,120,23.8,332,43.6,546,7.8,23.41,17.3,36.4,26.4,51.0,0.0,2.7,1651,1000,5892,3.7,82.1,34730,41990
00ARGF,E05000309,Havering,Emerson Park,310000,119,7.9,363,40.9,490,8.6,19.59,17.2,35.3,25.6,32.5,90.7,2.0,690,1900,5656,2.7,81.5,43790,53940
00ARGG,E05000310,Havering,Gooshays,168000,115,33.9,308,77.6,1161,7.5,21.88,17.3,36.7,25.7,68.8,0.0,2.6,3812,2300,5739,7.0,79.0,29400,35640
00ARGH,E05000311,Havering,Hacton,250000,154,11.4,354,37.0,458,7.9,16.72,17.2,35.2,25.6,21.0,13.8,2.5,931,2300,6187,3.3,82.7,39740,48420
00ARGJ,E05000312,Havering,Harold Wood,214000,158,18.8,345,65.1,854,7.7,17.10,17.3,35.9,25.6,61.5,17.6,2.4,1567,6400,6061,3.9,81.6,37010,44860
00ARGK,E05000313,Havering,Havering Park,208000,112,26.6,325,45.7,596,7.7,22.17,17.1,32.6,24.6,78.1,1.7,2.1,2183,1500,5851,4.7,79.2,33590,40590
00ARGL,E05000314,Havering,Heaton,165000,97,33.6,320,66.9,858,7.1,24.83,17.3,36.0,25.8,52.1,71.4,2.1,2975,1800,5192,5.7,78.9,29560,35830
00ARGM,E05000315,Havering,Hylands,235000,139,12.7,347,54.1,703,7.9,16.80,17.4,37.9,26.8,26.3,47.6,2.1,1053,3700,6398,2.9,84.7,39890,48630
00ARGN,E05000316,Havering,Mawneys,199000,160,19.5,334,43.3,561,8.0,21.77,17.5,38.0,26.9,21.3,25.5,2.4,1509,1800,5940,3.3,84.0,35820,43350
00ARGP,E05000317,Havering,Pettits,250000,143,12.2,351,39.7,513,7.9,11.59,17.6,38.8,27.1,31.2,59.2,2.2,993,2200,6242,3.0,82.7,40010,48780
00ARGQ,E05000318,Havering,Rainham and Wennington,195000,111,22.8,327,75.5,963,7.2,23.97,17.4,37.2,26.7,79.0,24.0,2.0,1636,4600,6001,4.4,82.3,34470,41660
00ARGR,E05000319,Havering,Romford Town,201200,233,21.1,345,163.1,2811,7.6,21.01,18.0,46.0,30.1,10.0,71.1,4.3,1882,16900,7085,4.0,82.6,37160,45060
00ARGS,E05000320,Havering,St. Andrew's,233500,156,13.5,357,63.5,853,7.8,18.49,17.3,37.1,26.4,16.0,85.3,3.3,1325,5500,6245,3.4,82.1,38130,46300
00ARGT,E05000321,Havering,South Hornchurch,187500,119,25.5,331,63.1,943,7.6,23.11,17.7,40.4,28.0,44.6,2.6,2.4,2144,3900,6043,5.0,80.2,33160,40060
00ARGU,E05000322,Havering,Squirrel's Heath,249250,180,13,350,43.9,582,7.8,22.73,17.6,39.5,27.2,14.9,87.5,2.6,984,2300,6052,3.4,82.8,41740,51110
00ARGW,E05000323,Havering,Upminster,345000,153,4.8,363,47.3,609,7.5,13.51,17.1,33.8,24.7,82.3,30.1,2.0,557,4200,6202,2.4,82.5,47580,59340
00ASGG,E05000324,Hillingdon,Barnhill,225000,87,28.4,343,71.2,997,7.1,27.12,17.6,43.7,29.9,26.4,0.2,2.4,2742,1500,5545,5.3,80.8,31800,38450
00ASGH,E05000325,Hillingdon,Botwell,190000,253,32.3,331,89.4,1411,7.3,22.63,18.0,55.1,33.4,34.3,24.8,2.8,3276,11500,6012,5.0,78.1,30700,37140
00ASGJ,E05000326,Hillingdon,Brunel,226750,118,26.3,325,75.9,1118,7.5,17.92,17.6,41.6,28.8,35.9,28.5,2.8,1835,8400,5385,3.7,80.3,34630,41900
00ASGK,E05000327,Hillingdon,Cavendish,320000,169,11,371,26.8,324,7.3,16.67,17.3,39.0,27.6,18.1,0.0,2.1,946,2200,5650,3.2,83.5,43970,54290
00ASGL,E05000328,Hillingdon,Charville,220500,140,22.1,345,52.1,687,7.3,20.78,17.4,40.2,28.5,49.8,25.0,2.2,1802,2700,5967,3.7,81.4,35410,42870
00ASGM,E05000329,Hillingdon,Eastcote and East Ruislip,399998,234,9.9,358,37.7,476,8.0,12.09,17.4,37.7,26.9,36.2,5.2,2.0,602,2400,5562,2.6,86.2,47380,59180
00ASGN,E05000330,Hillingdon,Harefield,243000,83,20.1,339,58.2,450,7.6,18.50,17.0,32.0,24.2,76.7,0.0,1.4,1034,4000,3663,3.6,80.1,37990,46190
00ASGP,E05000331,Hillingdon,Heathrow Villages,230000,138,25.6,330,233.9,3035,7.9,23.19,18.8,62.8,37.4,52.0,57.8,2.6,1701,56800,5723,3.9,81.0,33170,40090
00ASGQ,E05000332,Hillingdon,Hillingdon East,249225,118,21.5,355,53.5,726,7.6,19.60,17.7,41.9,28.8,53.2,0.6,2.0,1667,5200,5997,3.2,80.9,37250,45220
00ASGR,E05000333,Hillingdon,Ickenham,389500,138,5.9,381,31.7,341,7.5,13.27,17.5,39.2,27.2,52.7,0.0,2.0,455,2100,4882,2.4,85.0,48770,61230
00ASGS,E05000334,Hillingdon,Manor,275000,151,10.4,355,38.3,455,7.5,14.85,17.6,41.3,28.3,20.1,16.5,3.0,728,1600,5716,3.0,83.4,43460,53570
00ASGT,E05000335,Hillingdon,Northwood,345000,151,9.2,389,48.7,531,7.6,13.86,17.1,33.8,25.0,62.5,9.2,2.2,870,5400,5267,3.6,83.8,46550,57970
00ASGU,E05000336,Hillingdon,Northwood Hills,356000,119,14.2,364,42.8,515,7.2,20.64,17.4,37.5,26.6,36.1,0.0,2.2,1262,2400,5300,3.7,83.8,43320,53380
00ASGW,E05000337,Hillingdon,Pinkwell,233000,103,28.7,332,60.7,944,7.5,23.18,18.5,57.5,35.3,34.5,100.0,2.5,2928,2500,5969,5.5,82.4,31830,38490
00ASGX,E05000338,Hillingdon,South Ruislip,250000,181,12.4,352,50.9,657,7.8,19.35,17.6,42.8,29.1,57.1,35.6,2.6,1362,5300,5708,3.5,81.5,40060,48910
00ASGY,E05000339,Hillingdon,Townfield,250000,103,30.5,336,124.4,1839,7.8,23.01,18.2,55.3,34.2,33.6,3.2,2.9,3283,6600,5445,5.8,79.6,30430,36830
00ASGZ,E05000340,Hillingdon,Uxbridge North,235000,236,17.3,371,91.8,1179,7.1,14.58,17.8,41.4,28.3,40.9,7.5,2.4,1089,11100,6150,3.1,82.8,41470,50820
00ASHA,E05000341,Hillingdon,Uxbridge South,198500,164,24.1,353,81.9,1231,7.5,20.92,17.6,39.6,27.8,27.5,0.0,2.4,1660,39300,5963,3.9,80.9,34270,41450
00ASHB,E05000342,Hillingdon,West Drayton,220000,155,32.7,318,68.6,1037,7.8,22.69,18.0,53.2,32.6,33.3,22.3,2.2,2734,2100,5695,4.4,79.1,32680,39500
00ASHC,E05000343,Hillingdon,West Ruislip,305000,199,11.9,362,58.5,663,7.2,12.68,17.3,37.1,26.4,52.1,5.6,2.4,827,4300,5352,3.0,81.9,43470,53580
00ASHD,E05000344,Hillingdon,Yeading,220000,106,28.9,330,69.6,987,7.3,23.69,17.9,46.3,31.0,36.4,0.0,2.0,3049,1300,5897,5.5,81.4,33240,40180
00ASHE,E05000345,Hillingdon,Yiewsley,218250,152,31.1,319,88.9,1214,8.1,24.52,17.7,49.4,31.2,41.3,0.0,2.4,2502,7900,5742,3.9,81.3,32340,39100
00ATFY,E05000346,Hounslow,Bedfont,200000,119,26.9,332,60.0,785,7.5,28.25,18.0,45.3,30.8,52.6,0.0,2.0,2087,7900,5100,5.0,79.5,31870,40040
00ATFZ,E05000347,Hounslow,Brentford,290000,183,30,354,75.8,1170,7.4,22.57,19.3,56.8,35.3,43.6,15.2,3.2,2442,11500,5533,5.8,82.6,35040,44100
00ATGA,E05000348,Hounslow,Chiswick Homefields,599975,178,13.6,362,78.4,919,7.8,16.92,18.7,53.5,34.3,33.8,4.5,3.6,1037,6200,5979,4.2,83.0,51830,68670
00ATGB,E05000349,Hounslow,Chiswick Riverside,500000,190,13.4,376,66.5,789,7.2,13.33,18.8,55.1,34.5,25.1,0.0,2.9,1104,1700,6065,4.4,84.7,49680,65260
00ATGC,E05000350,Hounslow,Cranford,248000,45,29.2,353,75.7,973,7.1,26.57,18.6,52.7,33.7,32.4,17.4,2.4,2508,5800,5011,6.9,81.5,30860,38790
00ATGD,E05000351,Hounslow,Feltham North,219250,92,22.6,338,63.6,762,7.5,25.94,18.2,47.8,31.7,36.6,0.0,2.9,1879,5900,4932,3.9,77.3,32850,41270
00ATGE,E05000352,Hounslow,Feltham West,196000,126,26.7,331,67.4,1081,7.3,24.21,17.6,40.7,28.6,48.7,0.5,2.2,2707,4700,5951,4.4,82.4,34010,42760
00ATGF,E05000353,Hounslow,Hanworth,205000,83,32.2,333,67.7,851,7.7,27.13,18.0,43.6,29.7,42.2,0.0,2.5,2791,3700,5071,5.9,82.1,31150,39140
00ATGG,E05000354,Hounslow,Hanworth Park,225500,114,24.7,335,68.7,830,7.2,25.67,17.8,43.0,29.5,47.8,0.0,2.4,1626,8900,5391,4.0,81.3,34340,43190
00ATGH,E05000355,Hounslow,Heston Central,262500,70,24.1,367,51.6,658,7.3,29.43,18.7,53.4,33.6,18.5,82.8,2.9,2122,1300,5413,5.2,80.7,33580,42200
00ATGJ,E05000356,Hounslow,Heston East,250000,64,25.3,351,53.8,691,7.3,22.80,18.6,51.8,33.2,31.8,34.3,2.3,2075,3000,5368,5.3,83.4,34030,42790
00ATGK,E05000357,Hounslow,Heston West,180000,54,32.5,352,95.5,1230,7.2,24.56,18.7,54.2,34.3,51.2,54.7,2.2,2974,4100,5108,6.0,81.6,29490,37120
00ATGL,E05000358,Hounslow,Hounslow Central,239500,98,19.6,346,161.9,2604,7.4,22.19,18.1,49.7,32.4,17.8,86.3,4.9,1867,11800,5776,4.4,83.0,35830,45140
00ATGM,E05000359,Hounslow,Hounslow Heath,205500,86,27.3,349,62.5,957,7.8,24.73,17.9,44.7,30.4,52.6,43.4,3.1,2659,3400,5676,5.2,83.2,32530,40870
00ATGN,E05000360,Hounslow,Hounslow South,277000,103,9.9,366,40.2,475,7.8,16.57,17.8,45.3,30.6,21.7,31.4,2.4,962,1000,5514,2.8,85.4,39920,50720
00ATGP,E05000361,Hounslow,Hounslow West,239000,53,20.9,352,83.2,1126,7.0,27.37,18.2,49.0,32.1,12.9,48.8,3.9,1788,4100,5138,4.6,78.9,31890,40060
00ATGQ,E05000362,Hounslow,Isleworth,246250,128,31.5,342,62.5,769,8.0,20.72,18.1,47.0,31.3,23.8,0.0,2.2,2598,4800,5643,4.9,81.1,34790,43770
00ATGR,E05000363,Hounslow,Osterley and Spring Grove,297475,126,15,380,66.8,901,7.6,15.81,18.3,48.0,32.0,56.9,13.1,2.9,999,13600,5747,3.3,83.1,42140,53890
00ATGS,E05000364,Hounslow,Syon,286750,160,27.3,358,72.8,1033,8.0,23.59,18.3,48.9,32.2,34.2,24.5,3.5,2291,7800,4949,4.3,78.0,37040,46760
00ATGT,E05000365,Hounslow,Turnham Green,375000,207,16,354,99.3,1182,7.4,15.69,19.5,61.1,36.9,16.9,0.0,4.6,1018,18200,6129,3.8,83.9,47080,61230
00AUFX,E05000366,Islington,Barnsbury,430000,165,36.7,316,129.9,1651,7.7,23.44,19.4,65.0,39.0,14.9,67.7,5.5,2644,6600,5392,8.3,79.0,44970,62770
00AUFY,E05000367,Islington,Bunhill,445000,251,44.4,317,155.2,2475,6.9,22.92,20.3,74.6,42.7,12.0,100.0,6.5,3075,65300,4881,9.4,81.1,39200,54080
00AUFZ,E05000368,Islington,Caledonian,345000,151,43,319,126.6,1852,8.2,21.89,19.4,64.3,38.8,14.9,42.5,5.3,3550,15300,5512,9.6,80.4,35840,49320
00AUGA,E05000369,Islington,Canonbury,403000,172,41.2,296,78.9,980,7.6,22.68,19.3,64.9,39.1,13.3,0.0,6.1,3229,1400,4754,8.4,82.6,40590,56130
00AUGB,E05000370,Islington,Clerkenwell,455000,144,38.7,334,149.7,1811,7.5,22.49,20.5,75.8,43.3,11.7,100.0,6.4,2369,46000,4889,8.1,83.9,43350,60270
00AUGC,E05000371,Islington,Finsbury Park,315000,113,44.5,344,145.1,2176,7.1,27.16,19.3,62.8,38.0,6.9,28.3,6.1,4158,6300,6085,9.9,78.0,33620,46290
00AUGD,E05000372,Islington,Highbury East,446500,212,26.3,344,97.6,1173,7.8,15.67,18.9,58.9,36.7,16.1,3.4,4.8,1983,3300,5577,7.3,82.3,47810,67250
00AUGE,E05000373,Islington,Highbury West,400000,206,33.6,328,89.4,1421,7.6,17.67,19.1,60.9,37.2,10.8,1.5,6.0,2965,4800,6098,8.5,80.7,43800,60960
00AUGF,E05000374,Islington,Hillrise,375000,109,38.6,338,64.7,789,7.4,19.60,18.6,55.5,35.3,17.9,0.0,4.2,3160,1200,5656,10.0,80.1,39090,53930
00AUGG,E05000375,Islington,Holloway,328500,140,43.1,315,84.2,1327,7.8,28.78,19.4,62.9,38.2,15.5,14.3,5.8,3813,4200,5257,10.3,80.2,35430,48760
00AUGH,E05000376,Islington,Junction,334975,120,32.6,321,99.9,1260,7.7,15.77,19.2,62.0,37.6,13.8,26.0,5.7,2742,8500,5494,8.1,78.4,39470,54490
00AUGJ,E05000377,Islington,Mildmay,372500,158,39.6,334,85.2,1138,7.3,24.38,19.2,64.6,38.8,11.0,16.6,5.8,3408,1500,5791,8.5,81.1,39300,54230
00AUGK,E05000378,Islington,St. George's,345000,163,33.9,340,71.9,927,7.6,22.18,18.9,56.9,36.0,8.9,71.9,4.5,2680,2400,5692,9.2,81.4,40860,56520
00AUGL,E05000379,Islington,St. Mary's,523500,152,35.6,312,200.6,2439,8.1,21.81,19.6,67.3,39.9,10.3,11.3,6.7,2496,11700,5609,8.5,80.8,46190,64670
00AUGM,E05000380,Islington,St. Peter's,502500,160,38.5,326,121.6,1537,7.5,22.86,19.5,68.4,40.5,8.8,31.7,5.2,2809,6800,5535,8.1,78.4,43870,61060
00AUGN,E05000381,Islington,Tollington,340000,137,38.8,346,76.8,1057,7.5,24.14,18.8,57.5,36.0,10.7,3.5,4.0,3610,2100,6370,9.7,81.4,38090,52490
00AWGB,E05000385,Kensington and Chelsea,Colville,652500,100,34.4,370,169,1381,7.9,22.0,19.6,70.3,41.1,8.0,24.2,5.5,1729,3700,4294,9.7,82.8,43560,87080
00AWGD,E05000387,Kensington and Chelsea,Cremorne,720000,105,32.7,361,82,651,8.1,21.1,20.5,72.1,41.5,8.9,0.0,4.2,1932,3200,4370,8.7,84.7,43920,87900
00AWGE,E05000388,Kensington and Chelsea,Earl's Court,530000,192,24.4,364,108,962,7.9,19.5,21.5,82.6,44.6,8.4,0.0,7.0,1374,4700,5627,7.5,82.2,44100,88300
00AWGF,E05000389,Kensington and Chelsea,Golborne,385250,36,42.7,333,120,1078,7.9,20.6,19.8,90.8,45.2,32.4,0.0,4.3,3279,4600,3636,15.8,80.2,30100,59110
00AWGH,E05000391,Kensington and Chelsea,Holland,781290,130,20.5,390,70,671,7.8,16.0,19.7,66.6,39.6,22.0,0.0,5.7,901,3800,4870,5.3,89.8,54770,114140
00AWGJ,E05000392,Kensington and Chelsea,Norland,620000,112,25.2,364,88,744,7.9,23.0,19.5,64.8,39.0,12.2,27.5,5.6,1464,4700,4339,7.4,84.7,53430,110760
00AWGK,E05000393,Kensington and Chelsea,Notting Barns,488050,62,39.6,376,85,799,8.2,23.9,20.6,73.0,41.7,9.8,66.5,4.0,2839,4000,4059,11.0,81.4,36690,72150
00AWGN,E05000396,Kensington and Chelsea,Redcliffe,680000,230,11,379,78,705,8.0,23.9,20.0,68.1,40.0,23.6,0.0,6.1,851,2600,5032,5.8,86.6,54550,113600
00AWGP,E05000397,Kensington and Chelsea,Royal Hospital,895000,133,8.6,343,120,850,7.4,30.8,19.9,68.6,40.5,20.3,0.1,4.4,469,5300,3723,5.1,82.9,60600,129490
00AWGQ,E05000398,Kensington and Chelsea,St. Charles,450000,59,37.5,346,97,893,7.9,23.7,19.2,76.2,41.2,16.5,0.9,3.7,2885,2500,3882,12.3,78.3,36100,70930
00AWGR,E05000399,Kensington and Chelsea,Stanley,900000,160,14,349,105,839,7.9,18.6,20.1,72.7,42.0,8.2,16.7,5.5,582,13500,4128,4.6,83.5,54990,114710
00AXFX,E05000400,Kingston upon Thames,Alexandra,327000,95,10.2,369,34.7,334,7.3,20.56,18.1,44.0,29.7,41.7,0.0,2.1,656,2800,4799,3.2,85.2,41390,53150
00AXFY,E05000401,Kingston upon Thames,Berrylands,292500,141,10.7,357,27.8,272,7.9,8.59,18.0,44.9,29.9,10.6,0.0,2.5,849,1800,5096,3.8,81.2,42330,54530
00AXFZ,E05000402,Kingston upon Thames,Beverley,310000,108,16.1,364,70.8,739,7.8,13.07,17.9,45.4,30.3,26.8,39.5,2.6,1065,4800,4855,3.9,81.3,40700,52140
00AXGA,E05000403,Kingston upon Thames,Canbury,339325,259,10.1,363,37.0,482,7.6,12.05,18.0,45.3,30.4,10.4,3.1,3.8,991,4100,5408,3.2,83.4,45600,59440
00AXGB,E05000404,Kingston upon Thames,Chessington North and Hook,248000,107,15.2,342,40.7,366,7.7,23.81,17.8,40.6,28.2,30.1,61.8,2.3,1027,1900,4482,3.0,83.7,37230,47240
00AXGC,E05000405,Kingston upon Thames,Chessington South,249950,140,17.3,343,40.9,431,7.7,24.61,17.4,35.9,26.3,74.8,4.1,2.2,902,4500,5130,3.2,83.5,38310,48740
00AXGD,E05000406,Kingston upon Thames,Coombe Hill,480000,103,16.3,358,46.2,497,8.1,21.39,18.1,45.6,30.7,43.3,11.5,2.4,942,6700,4835,3.8,84.0,45650,59520
00AXGE,E05000407,Kingston upon Thames,Coombe Vale,359000,109,9.2,384,22.9,231,7.9,12.67,17.7,43.1,29.6,10.8,75.1,2.3,722,2300,4632,3.1,84.6,44320,57500
00AXGF,E05000408,Kingston upon Thames,Grove,305000,199,14.9,341,264.4,3089,7.4,18.90,18.7,52.3,32.7,21.0,59.1,4.2,918,24000,4663,3.7,83.1,41410,53170
00AXGG,E05000409,Kingston upon Thames,Norbiton,285500,124,25.6,338,56.0,593,7.7,19.58,18.4,49.4,31.8,25.7,95.1,3.4,1862,3800,4580,5.2,78.8,34650,43740
00AXGH,E05000410,Kingston upon Thames,Old Malden,370000,96,14.4,365,27.0,262,7.6,16.38,17.9,43.8,29.6,20.9,15.5,2.4,889,1000,4629,2.9,85.5,41760,53680
00AXGJ,E05000411,Kingston upon Thames,St. James,335000,88,12.6,364,30.1,278,7.6,14.81,18.5,48.4,31.3,27.4,70.5,2.6,765,1800,4139,3.2,81.9,41850,53810
00AXGK,E05000412,Kingston upon Thames,St. Mark's,291000,217,10.4,386,57.2,627,7.6,8.74,17.9,45.3,30.1,22.5,35.0,3.7,556,3900,5966,3.0,83.0,44930,58420
00AXGL,E05000413,Kingston upon Thames,Surbiton Hill,270000,217,12.4,342,24.3,264,7.5,9.84,17.9,43.5,29.4,8.0,2.5,3.1,805,2000,5650,3.2,81.1,43160,55750
00AXGM,E05000414,Kingston upon Thames,Tolworth and Hook Rise,250000,101,14.6,354,45.8,475,7.5,15.18,18.4,45.6,30.1,35.3,38.6,2.2,1046,5600,5065,3.4,83.5,37840,48080
00AXGN,E05000415,Kingston upon Thames,Tudor,440500,126,7,391,25.8,254,7.4,11.62,17.9,43.7,29.9,15.6,0.0,2.3,517,1900,4281,3.4,85.9,48530,64010
00AYFZ,E05000416,Lambeth,Bishop's,402500,134,29.5,339,237.5,2531,7.1,22.22,20.0,75.0,43.5,12.6,90.4,7.4,1639,38200,4824,8.2,80.9,40360,51170
00AYGA,E05000417,Lambeth,Brixton Hill,284000,190,29.9,324,93.6,1539,7.6,20.23,18.9,58.5,36.6,8.1,40.7,4.9,2898,4400,7126,9.3,78.8,39050,49370
00AYGB,E05000418,Lambeth,Clapham Common,455000,234,19.7,351,93.7,1251,7.7,20.23,19.0,56.7,35.8,22.8,9.5,4.3,1590,8100,7425,5.2,80.7,49520,64590
00AYGC,E05000419,Lambeth,Clapham Town,354508,247,26.2,346,156.0,2259,7.6,24.45,19.5,63.6,38.1,15.2,0.0,5.2,2297,5600,7793,7.1,77.4,44960,57720
00AYGD,E05000420,Lambeth,Coldharbour,270000,96,43.8,341,162.8,2816,7.5,24.34,19.2,63.2,38.3,14.0,35.8,5.3,5146,4700,6865,12.3,80.8,32220,40490
00AYGE,E05000421,Lambeth,Ferndale,333860,187,31.7,328,140.4,2233,7.4,32.61,19.2,64.5,38.8,7.4,70.4,6.3,2939,3700,7596,9.3,80.6,39480,49960
00AYGF,E05000422,Lambeth,Gipsy Hill,246000,169,34.8,340,77.2,1069,7.3,27.46,18.3,48.7,32.3,24.2,24.0,3.6,3170,1700,7051,8.8,80.3,36650,46160
00AYGG,E05000423,Lambeth,Herne Hill,330000,185,23.6,336,104.5,1613,7.3,19.54,18.8,55.9,35.5,31.4,0.0,4.2,2491,10500,6577,8.9,81.4,41700,53040
00AYGH,E05000424,Lambeth,Knight's Hill,246000,160,31.2,354,77.6,1165,7.9,21.33,18.3,49.4,32.7,15.7,4.8,3.9,3054,3100,6934,8.5,78.6,36950,46550
00AYGJ,E05000425,Lambeth,Larkhall,335000,179,38.5,342,100.7,1800,7.8,28.57,19.2,61.7,37.6,16.9,86.0,5.4,3676,3800,7465,9.4,78.0,37260,46970
00AYGK,E05000426,Lambeth,Oval,360000,174,36.7,338,131.5,2113,7.5,25.22,20.3,73.0,41.6,21.1,100.0,6.5,2640,14400,6821,8.4,80.2,39200,49580
00AYGL,E05000427,Lambeth,Prince's,356250,156,35.5,331,123.0,1838,7.6,23.90,19.8,68.0,40.2,17.7,100.0,6.0,3055,11900,6088,9.5,81.1,37600,47420
00AYGM,E05000428,Lambeth,St. Leonard's,245998,172,25.1,360,100.4,1500,7.6,20.91,18.7,55.6,35.0,7.6,0.0,5.6,2172,3800,7344,6.8,82.8,39880,50510
00AYGN,E05000429,Lambeth,Stockwell,331500,125,35.5,333,81.3,1232,7.8,25.67,19.3,61.5,37.8,13.2,100.0,5.6,3262,2500,6789,10.6,80.4,35050,44070
00AYGP,E05000430,Lambeth,Streatham Hill,261250,248,25.1,353,75.3,1108,8.0,20.87,18.7,54.1,34.7,10.7,0.0,5.0,2529,1700,7526,7.0,79.2,39250,49650
00AYGQ,E05000431,Lambeth,Streatham South,242000,113,26.4,339,61.5,898,7.5,23.87,18.3,49.0,32.4,23.0,1.5,3.6,2547,1400,6885,7.0,82.8,36710,46230
00AYGR,E05000432,Lambeth,Streatham Wells,227500,158,29.6,340,64.8,981,7.5,20.94,18.6,52.6,33.9,16.4,3.7,4.3,2597,2300,7234,8.6,79.4,38270,48320
00AYGS,E05000433,Lambeth,Thornton,420000,164,29.5,364,51.4,685,7.8,26.58,18.8,54.9,34.9,15.5,18.4,3.2,2470,1200,6908,7.6,84.4,41880,53300
00AYGT,E05000434,Lambeth,Thurlow Park,305000,179,23.5,347,75.4,1038,7.6,18.18,18.8,55.2,34.8,18.4,0.0,4.8,2071,2200,6152,6.4,82.3,41600,52900
00AYGU,E05000435,Lambeth,Tulse Hill,250000,132,38.3,338,78.7,1271,7.5,27.10,18.8,55.9,35.5,14.7,0.0,4.4,3961,1500,6912,10.4,81.1,35610,44800
00AYGW,E05000436,Lambeth,Vassall,318750,178,38.9,329,88.7,1330,7.0,27.73,19.1,60.8,37.4,18.6,85.4,4.5,3836,4500,6380,10.6,81.9,34830,43790
00AZGD,E05000437,Lewisham,Bellingham,205000,109,37.6,301,80.5,1217,7.5,28.17,18.1,46.5,31.2,45.4,0.0,2.9,4118,4000,6229,8.8,79.7,31340,37860
00AZGE,E05000438,Lewisham,Blackheath,350000,183,23.3,346,78.8,1154,8.1,22.56,18.7,54.6,34.3,35.3,0.0,4.8,2233,4500,7380,6.2,81.5,44870,55200
00AZGF,E05000439,Lewisham,Brockley,250000,226,29.7,315,88.9,1606,7.4,24.81,19.1,60.2,36.5,15.0,21.0,5.3,3009,4400,7321,9.6,79.7,38100,46130
00AZGG,E05000440,Lewisham,Catford South,242000,127,23.8,338,45.9,713,7.5,23.50,18.0,46.2,31.2,3.6,6.3,3.2,2248,2900,7321,6.2,81.1,39070,47390
00AZGH,E05000441,Lewisham,Crofton Park,280000,207,20.6,335,56.5,858,7.5,19.60,18.6,52.6,33.7,19.6,9.2,3.8,2150,2000,7598,6.5,83.3,42560,52020
00AZGJ,E05000442,Lewisham,Downham,184250,104,37.6,314,80.5,1195,7.3,26.72,18.0,45.0,30.3,31.5,0.0,3.1,4112,1900,6033,7.8,82.3,30880,37320
00AZGK,E05000443,Lewisham,Evelyn,188000,89,41.9,313,70.7,1252,8.0,27.02,18.6,53.5,34.2,23.4,41.3,3.1,4682,2300,6366,12.9,79.3,30560,36950
00AZGL,E05000444,Lewisham,Forest Hill,242500,173,23.8,325,79.1,1199,7.6,22.03,18.5,50.6,33.1,14.7,0.0,3.6,2454,2600,7435,7.7,80.4,40960,49880
00AZGM,E05000445,Lewisham,Grove Park,214000,129,28.6,325,51.7,774,7.8,24.21,18.0,45.9,30.7,22.0,16.9,3.1,3000,1700,7099,6.6,80.6,36150,43660
00AZGN,E05000446,Lewisham,Ladywell,277500,163,24.2,341,56.2,843,7.9,26.85,18.4,52.3,33.5,24.9,0.0,4.2,2231,1300,6847,6.9,81.1,40290,48990
00AZGP,E05000447,Lewisham,Lee Green,284000,181,19,342,59.1,881,7.5,18.80,18.2,48.1,31.9,12.8,11.4,3.3,2048,2500,6456,6.4,82.4,42760,52300
00AZGQ,E05000448,Lewisham,Lewisham Central,200000,311,34.8,331,129.3,2452,8.0,25.26,18.8,56.5,35.0,14.4,8.6,4.9,3247,11600,7160,8.0,78.1,35760,43180
00AZGR,E05000449,Lewisham,New Cross,218500,96,35.3,309,114.6,1930,7.7,27.47,18.9,57.2,35.6,19.7,68.9,4.3,3915,6000,7432,11.4,76.0,31520,38070
00AZGS,E05000450,Lewisham,Perry Vale,255000,184,29.7,316,58.1,922,7.8,23.97,18.2,47.9,32.0,12.3,17.4,3.3,2980,1200,7550,7.1,82.3,39130,47470
00AZGT,E05000451,Lewisham,Rushey Green,205000,120,31.2,308,115.2,1825,7.3,20.05,18.7,53.9,34.2,24.6,1.1,4.9,2880,6900,6964,8.5,81.3,34670,41830
00AZGU,E05000452,Lewisham,Sydenham,247000,177,31.7,316,68.8,1100,7.7,27.49,18.3,48.0,32.0,15.4,0.0,3.9,3311,2200,7544,8.8,78.6,37060,44810
00AZGW,E05000453,Lewisham,Telegraph Hill,241500,152,30.4,314,58.2,991,7.3,23.40,18.8,56.0,35.2,18.3,47.8,4.5,3267,2100,7495,10.1,81.5,37230,45020
00AZGX,E05000454,Lewisham,Whitefoot,195000,122,34,319,74.2,1092,7.8,24.88,18.1,45.4,30.6,28.4,0.0,2.7,3561,1100,5995,7.6,83.0,32840,39620
00BAFX,E05000455,Merton,Abbey,375000,173,16.5,353,73.9,784,7.3,14.75,18.7,53.3,33.7,15.3,0.0,5.1,1061,10500,5880,4.2,81.5,45370,62540
00BAFY,E05000456,Merton,Cannon Hill,335000,88,9.1,376,36.2,343,8.0,22.00,17.9,44.2,30.2,40.1,0.0,2.6,691,1100,4784,3.9,85.3,42320,57720
00BAFZ,E05000457,Merton,Colliers Wood,240500,150,17.6,345,73.9,830,7.8,17.26,18.5,51.1,33.2,13.7,0.0,4.1,1341,3100,5445,5.4,82.0,38780,52340
00BAGA,E05000458,Merton,Cricket Green,187375,68,30.4,330,60.2,709,7.4,24.01,18.3,46.9,31.1,48.0,0.0,3.2,2738,5300,4635,8.3,80.2,29930,39970
00BAGB,E05000459,Merton,Dundonald,392675,202,6.3,396,58.0,555,7.7,11.92,18.5,52.4,33.1,10.1,21.5,4.5,444,5300,5751,2.8,85.1,49910,70060
00BAGC,E05000460,Merton,Figge's Marsh,210000,70,27.9,342,76.7,889,7.8,26.96,18.8,53.1,33.6,23.7,11.1,3.7,2323,1800,4754,6.4,79.8,30860,41200
00BAGD,E05000461,Merton,Graveney,249500,87,17.9,365,52.8,534,7.4,27.16,18.2,47.5,31.9,9.6,47.2,3.4,1152,1200,5036,5.7,83.4,35580,47680
00BAGF,E05000463,Merton,Lavender Fields,210000,107,24.9,342,51.1,543,7.4,25.48,18.2,46.7,31.5,19.0,4.2,2.6,1811,1300,5260,6.3,81.7,33360,44570
00BAGG,E05000464,Merton,Longthornton,228500,81,20.1,356,55.1,574,7.5,23.50,18.1,46.3,31.2,32.8,21.4,2.8,1600,900,4908,5.8,81.3,34350,45940
00BAGH,E05000465,Merton,Lower Morden,250000,96,10.2,369,30.0,281,7.5,18.15,17.8,43.3,29.5,33.9,9.6,2.2,745,1700,4516,3.0,82.6,38730,52260
00BAGJ,E05000466,Merton,Merton Park,394000,136,8.8,373,53.7,522,8.1,11.46,18.3,49.7,32.2,19.6,4.4,3.9,617,3400,4870,3.2,85.1,46300,64060
00BAGK,E05000467,Merton,Pollards Hill,220000,71,29.6,345,59.8,637,7.7,26.20,18.2,46.6,31.0,52.2,0.0,2.7,2011,700,4737,6.3,82.0,31940,42640
00BAGL,E05000468,Merton,Ravensbury,219950,83,27,339,57.0,583,7.4,24.21,18.4,47.8,31.5,34.0,2.6,3.2,2026,1900,4282,5.3,79.1,32330,43160
00BAGM,E05000469,Merton,Raynes Park,364351,212,9.5,374,44.9,448,7.7,11.83,18.2,47.3,31.4,23.1,67.5,3.4,739,3400,4964,3.7,80.4,49340,69100
00BAGN,E05000470,Merton,St. Helier,209995,147,24.9,341,46.1,491,7.7,21.77,18.0,44.5,30.2,40.4,6.6,3.0,1891,1700,4169,5.1,80.4,32530,43430
00BAGP,E05000471,Merton,Trinity,360000,207,11.4,340,75.5,758,7.4,17.14,18.1,48.2,32.1,15.7,7.4,3.8,773,6600,5539,3.8,81.6,47380,65820
00BAGR,E05000473,Merton,West Barnes,327000,153,10.1,375,54.6,554,7.9,18.00,18.2,46.9,30.9,31.1,3.0,2.6,814,3900,5176,3.0,83.0,44170,60630
00BAGS,E05000474,Merton,Wimbledon Park,580000,178,8.9,378,48.0,550,7.8,13.30,18.3,50.6,32.6,23.8,15.7,3.2,629,4700,5631,3.4,84.7,50730,71450
00BBGB,E05000475,Newham,Beckton,242000,119,30.3,333,113.6,1813,7.7,21.40,18.3,48.6,32.0,41.1,10.5,2.8,3983,9700,5782,10.3,80.9,34100,40180
00BBGC,E05000476,Newham,Boleyn,214000,58,30.2,345,79.1,1283,7.5,29.07,18.2,48.9,32.6,6.8,49.8,4.2,4258,2400,4955,9.5,82.9,31630,37370
00BBGD,E05000477,Newham,Canning Town North,187500,58,37.8,332,104.1,1643,7.2,29.55,18.7,53.3,34.1,25.1,0.7,4.4,4573,7400,4696,12.8,79.6,28910,34390
00BBGE,E05000478,Newham,Canning Town South,200000,65,38.9,319,69.3,1267,7.6,27.80,19.3,58.4,35.8,18.0,51.7,3.6,4003,2000,4319,12.0,79.1,32870,38770
00BBGF,E05000479,Newham,Custom House,195000,53,33.6,314,121.7,1723,7.9,26.52,18.7,53.4,33.9,24.4,25.9,2.9,3828,2700,5168,9.8,76.8,31840,37610
00BBGG,E05000480,Newham,East Ham Central,212000,83,26.3,333,111.7,1796,7.9,26.13,18.5,52.5,33.9,11.0,80.8,4.7,3581,4200,4864,11.3,81.7,32380,38210
00BBGH,E05000481,Newham,East Ham North,229500,32,29.2,349,59.0,833,7.8,24.89,18.2,48.9,32.4,12.0,84.5,4.4,3623,1700,4239,12.2,78.6,32340,38170
00BBGJ,E05000482,Newham,East Ham South,190000,100,33.3,332,68.8,1097,7.4,26.55,19.2,58.5,35.2,36.7,0.0,2.6,4335,2100,5242,9.8,80.0,31430,37150
00BBGK,E05000483,Newham,Forest Gate North,220000,92,30.7,324,70.7,1162,7.6,24.31,18.2,50.3,32.6,13.7,32.6,3.1,3697,1500,5641,9.9,80.6,34270,40370
00BBGL,E05000484,Newham,Forest Gate South,227750,86,27.5,330,85.7,1526,8.1,27.70,18.6,53.0,33.7,3.3,72.2,3.8,4088,3400,5901,12.9,77.8,34550,40710
00BBGM,E05000485,Newham,Green Street East,210000,53,28.6,327,62.5,1007,7.8,25.82,18.5,51.6,33.3,1.5,50.5,3.8,3935,1700,4901,13.0,82.5,31570,37310
00BBGN,E05000486,Newham,Green Street West,233750,54,28.7,318,69.9,1071,7.4,20.77,18.4,49.9,32.9,5.9,93.7,4.0,3925,3600,4717,13.8,81.7,31080,36760
00BBGP,E05000487,Newham,Little Ilford,181000,78,35.6,339,72.4,1220,7.8,26.53,18.4,50.8,32.7,44.7,18.6,2.7,5251,1800,4940,14.7,78.8,29730,35280
00BBGQ,E05000488,Newham,Manor Park,210000,55,31.2,331,65.4,1011,7.9,26.05,18.3,50.7,32.8,29.6,0.8,3.9,4341,1700,4694,12.1,78.9,31580,37310
00BBGR,E05000489,Newham,Plaistow North,195000,43,34.1,329,68.7,1077,7.5,23.73,18.5,49.9,33.0,11.7,20.0,4.2,4345,1700,5299,11.8,81.6,30740,36380
00BBGS,E05000490,Newham,Plaistow South,192000,87,32.7,338,90.6,1507,8.1,27.61,18.9,55.9,35.0,19.1,0.7,4.4,3956,4800,5286,9.3,80.8,31750,37500
00BBGT,E05000491,Newham,Royal Docks,242000,107,32.3,329,59.0,808,8.2,31.35,18.3,46.9,31.8,15.0,59.0,2.5,2055,6000,2982,10.7,81.9,38580,45530
00BBGU,E05000492,Newham,Stratford and New Town,228000,220,32.6,325,221.6,4941,7.4,23.04,19.0,54.7,34.6,19.8,47.7,5.4,3801,15400,5513,11.9,80.4,35840,42220
00BBGW,E05000493,Newham,Wall End,220000,78,29.6,328,52.1,785,8.0,24.32,18.8,54.2,33.8,29.8,60.9,3.7,3869,1000,5255,10.8,81.0,32330,38150
00BBGX,E05000494,Newham,West Ham,233000,73,35.1,322,63.1,1004,7.9,27.22,18.6,53.3,34.0,25.3,25.1,4.7,3971,2600,5517,10.9,81.0,32310,38130
00BCFY,E05000495,Redbridge,Aldborough,250000,117,19.4,350,70.2,1083,7.6,21.43,17.6,38.3,27.4,75.3,34.5,2.6,2426,3900,5569,5.0,80.2,37310,45980
00BCFZ,E05000496,Redbridge,Barkingside,282500,112,15.1,376,53.0,693,7.7,21.51,18.3,47.0,30.9,4.2,51.3,3.3,1575,2200,5278,4.7,86.1,39620,49040
00BCGA,E05000497,Redbridge,Bridge,275000,139,20.2,328,55.1,657,7.3,17.89,18.0,45.1,30.1,36.9,5.8,2.2,1663,1800,5747,4.4,84.1,39320,48640
00BCGB,E05000498,Redbridge,Chadwell,230000,133,26.5,348,63.9,942,7.9,27.39,17.9,43.0,29.0,9.7,64.8,2.5,2539,2200,5435,4.3,80.4,36700,45180
00BCGC,E05000499,Redbridge,Church End,270000,219,11.2,365,65.5,779,7.8,15.60,18.8,53.3,33.2,12.7,0.0,2.8,783,3900,5245,3.5,83.0,45410,57150
00BCGD,E05000500,Redbridge,Clayhall,326750,110,12.1,381,46.9,642,7.9,23.14,18.4,46.9,31.1,24.8,41.8,2.3,1511,3200,5692,4.0,84.4,41450,51550
00BCGE,E05000501,Redbridge,Clementswood,224995,63,34.8,337,133.3,2138,7.7,20.88,18.4,49.6,32.1,7.0,12.4,3.4,3884,8500,4482,9.2,81.3,30230,37160
00BCGF,E05000502,Redbridge,Cranbrook,325000,92,18.7,353,67.5,894,7.9,18.66,18.7,52.1,32.9,36.8,1.6,3.8,2076,2700,5582,5.7,81.1,38290,47260
00BCGG,E05000503,Redbridge,Fairlop,249995,153,20.1,341,67.3,874,7.7,26.47,17.6,39.4,27.9,50.3,29.8,2.9,1913,3900,5057,5.3,82.1,37560,46300
00BCGH,E05000504,Redbridge,Fullwell,270000,117,25.5,346,59.7,791,6.8,26.26,17.8,42.3,29.0,26.0,21.6,2.3,2528,1800,5174,5.3,84.5,35690,43880
00BCGJ,E05000505,Redbridge,Goodmayes,233000,95,28.8,332,63.8,857,7.9,22.49,18.0,44.8,30.0,23.0,2.1,3.6,2816,1900,5430,6.9,81.1,33820,41520
00BCGK,E05000506,Redbridge,Hainault,211000,126,30.5,317,53.8,725,8.0,26.17,17.3,35.8,26.1,63.9,20.0,2.5,3039,3100,4859,5.6,80.0,31520,38700
00BCGL,E05000507,Redbridge,Loxford,220000,75,39.2,333,84.5,1512,7.9,25.71,18.8,55.8,34.2,19.6,0.0,3.4,5189,3100,5417,9.5,78.8,28500,35150
00BCGM,E05000508,Redbridge,Mayfield,260000,100,23.3,332,59.0,827,7.7,23.12,17.8,44.3,30.0,15.3,5.1,2.7,2444,1900,5213,5.2,82.4,35630,43790
00BCGN,E05000509,Redbridge,Monkhams,398500,158,5.7,377,42.5,454,7.9,12.32,17.8,42.1,29.0,35.0,0.0,2.6,619,2800,4917,3.3,83.1,48780,62140
00BCGP,E05000510,Redbridge,Newbury,250000,93,23.9,365,50.9,883,7.5,22.38,18.3,46.3,30.7,21.9,40.6,3.2,3340,3900,6000,6.3,84.1,35550,43690
00BCGQ,E05000511,Redbridge,Roding,302000,128,20.6,343,53.3,664,7.7,21.28,19.4,57.8,34.4,35.5,0.0,2.4,1693,2100,5533,4.8,83.3,41040,50980
00BCGR,E05000512,Redbridge,Seven Kings,250000,85,26.1,349,84.8,1383,8.0,26.11,18.0,42.7,29.3,24.2,45.6,3.1,2847,5600,5557,6.6,81.6,34480,42350
00BCGS,E05000513,Redbridge,Snaresbrook,262500,197,10.1,343,56.1,681,7.8,13.79,18.4,49.7,32.2,18.7,0.0,3.7,1104,3100,5655,3.9,82.7,45160,56800
00BCGT,E05000514,Redbridge,Valentines,242750,76,24.8,360,100.8,1487,7.6,24.56,18.4,51.7,32.7,9.6,0.0,4.4,3098,5200,5493,8.7,81.1,34900,42870
00BCGU,E05000515,Redbridge,Wanstead,410000,138,10.2,359,72.8,858,8.2,18.59,18.3,48.0,31.7,61.9,0.0,2.5,1108,1000,5958,4.3,83.0,46370,58560
00BDFW,E05000516,Richmond upon Thames,Barnes,867500,152,9.2,335,55.3,584,8.0,14.66,18.4,52.3,34.0,31.6,0.0,3.2,795,2400,4880,4.2,85.3,55450,80160
00BDFX,E05000517,Richmond upon Thames,East Sheen,705000,202,4.7,374,46.9,493,7.8,7.59,17.9,43.9,30.3,73.9,0.0,2.5,420,3400,4996,2.9,86.4,56090,81320
00BDFY,E05000518,Richmond upon Thames,Fulwell and Hampton Hill,405000,181,7.1,380,43.8,452,7.8,8.96,17.9,44.1,29.8,31.1,8.5,3.0,718,5100,5209,3.2,82.4,48810,68550
00BDFZ,E05000519,Richmond upon Thames,"Ham, Petersham & Richmond Riverside",383500,132,15.8,337,45.8,485,7.3,13.19,17.7,42.0,29.4,76.6,0.0,2.1,1194,2700,4733,4.9,82.8,44870,62050
00BDGA,E05000520,Richmond upon Thames,Hampton,390000,172,10,379,50.7,518,7.5,14.58,17.6,39.4,28.0,60.0,30.4,2.6,712,4200,4840,3.0,82.7,46750,65120
00BDGB,E05000521,Richmond upon Thames,Hampton North,286250,126,21,326,50.6,486,7.4,19.74,17.6,41.1,28.6,25.5,7.9,2.2,1220,1800,4673,3.9,82.6,39440,53560
00BDGC,E05000522,Richmond upon Thames,Hampton Wick,387500,214,9.6,366,49.5,520,8.0,10.14,17.7,41.6,29.0,42.7,2.0,2.5,736,3100,4736,3.6,84.4,46760,65130
00BDGD,E05000523,Richmond upon Thames,Heathfield,300000,90,22.6,344,43.7,465,8.2,18.89,18.0,45.5,30.5,26.6,3.5,2.0,1465,1000,4718,4.0,82.7,36950,49870
00BDGE,E05000524,Richmond upon Thames,Kew,500000,198,8.7,365,56.6,660,7.9,12.61,18.1,47.9,31.9,46.6,37.9,3.1,744,4200,5133,3.3,86.9,52130,74260
00BDGF,E05000525,Richmond upon Thames,Mortlake and Barnes Common,545000,245,11.2,350,62.3,689,8.3,11.33,18.6,53.6,34.0,35.7,0.0,3.1,956,2500,5583,4.2,84.7,50100,70740
00BDGG,E05000526,Richmond upon Thames,North Richmond,535000,155,10.5,351,53.0,581,7.9,11.16,18.2,48.1,31.9,52.1,41.7,4.4,890,3800,5381,3.9,85.9,50860,72050
00BDGH,E05000527,Richmond upon Thames,St. Margarets & North Twickenham,471750,212,5.5,377,50.9,590,7.5,8.91,18.5,49.1,31.9,19.7,20.2,3.0,491,4200,5765,3.0,85.4,52870,75550
00BDGJ,E05000528,Richmond upon Thames,South Richmond,487250,204,6.4,348,113.1,1253,7.5,9.87,18.2,48.2,31.9,46.3,0.0,4.1,629,13400,5813,3.6,84.0,52690,75230
00BDGK,E05000529,Richmond upon Thames,South Twickenham,389000,171,3.7,386,42.9,433,7.8,8.70,17.9,44.9,30.3,23.2,2.2,3.4,464,4000,5145,3.3,85.6,51380,72960
00BDGL,E05000530,Richmond upon Thames,Teddington,383750,180,5.8,384,48.1,508,7.9,5.93,17.6,40.4,28.4,62.1,13.4,3.0,484,7600,5436,2.9,83.3,50600,71610
00BDGM,E05000531,Richmond upon Thames,Twickenham Riverside,450000,195,5.9,379,74.4,791,7.6,7.57,18.0,47.5,31.4,25.2,0.0,4.2,477,8200,5803,3.5,82.9,51350,72910
00BDGN,E05000532,Richmond upon Thames,West Twickenham,340000,190,9.7,351,43.0,463,7.7,10.80,18.0,44.0,30.0,44.5,0.1,2.7,872,2100,5452,3.9,83.6,45040,62320
00BDGP,E05000533,Richmond upon Thames,Whitton,315750,94,12.1,372,40.9,411,7.8,14.55,18.1,46.5,30.9,19.2,35.5,2.4,936,1300,4755,2.8,82.6,42230,57850
00BEGC,E05000534,Southwark,Brunswick Park,340000,105,30.3,345,96.2,1287,7.7,27.44,19.2,61.4,37.5,13.1,7.3,4.0,3007,6900,5369,10.2,80.2,36310,46940
00BEGD,E05000535,Southwark,Camberwell Green,226000,77,32.7,343,104.6,1622,7.5,31.69,19.4,67.4,39.9,11.3,0.6,5.6,3854,6800,5911,12.5,77.4,31840,41140
00BEGE,E05000536,Southwark,Cathedrals,437500,206,33.2,340,198.5,3220,7.2,22.78,20.4,77.3,44.1,11.9,100.0,7.7,2517,57000,6270,9.0,79.9,40430,52610
00BEGF,E05000537,Southwark,Chaucer,302000,152,35.1,349,132.2,2085,8.1,23.26,20.1,73.2,42.3,21.7,100.0,6.5,2711,16100,6113,8.9,82.1,37780,48920
00BEGG,E05000538,Southwark,College,266500,124,27.2,329,83.1,981,7.4,24.72,18.4,49.5,32.6,48.0,2.2,3.2,1932,1800,5222,7.2,83.4,42600,55720
00BEGH,E05000539,Southwark,East Dulwich,410000,212,13.3,343,68.9,845,7.8,19.31,18.6,52.9,34.3,2.6,10.6,4.1,1537,2500,6180,5.4,82.3,48670,64860
00BEGJ,E05000540,Southwark,East Walworth,216000,53,34.1,317,164.7,2095,7.3,35.00,19.6,68.8,40.5,26.5,28.4,5.6,3277,3500,5607,11.6,80.4,31010,40110
00BEGK,E05000541,Southwark,Faraday,211000,29,35.1,334,90.5,1176,7.9,30.19,19.2,64.5,38.8,35.0,0.0,4.4,3463,1500,5541,13.6,81.6,30760,39800
00BEGL,E05000542,Southwark,Grange,320000,270,35.7,333,116.6,1935,7.8,27.14,19.5,65.2,39.0,14.5,60.5,4.8,2815,17600,6051,10.4,78.6,38500,49920
00BEGM,E05000543,Southwark,Livesey,210000,48,43,331,92.3,1344,7.7,31.65,19.0,59.1,36.6,13.0,41.5,4.2,4108,4100,5156,13.2,81.8,28880,37520
00BEGN,E05000544,Southwark,Newington,307000,213,33.8,343,98.4,1467,7.6,26.65,19.4,65.8,39.3,18.9,59.2,5.9,3491,7200,6031,10.9,81.1,34190,44150
00BEGP,E05000545,Southwark,Nunhead,250000,116,34,346,71.4,978,8.0,24.80,18.6,54.0,34.7,29.2,49.2,4.4,3409,1300,4832,11.5,77.7,33540,43310
00BEGQ,E05000546,Southwark,Peckham,190000,69,35.5,339,90.1,1355,7.7,30.14,18.9,60.6,37.1,15.1,16.5,4.1,4013,1500,4790,14.0,78.5,30030,38900
00BEGR,E05000547,Southwark,Peckham Rye,300000,216,21.7,358,60.5,816,7.7,19.69,18.4,51.6,33.6,47.3,0.0,3.4,2059,1400,6054,7.1,81.9,42820,56040
00BEGS,E05000548,Southwark,Riverside,445000,241,34.4,342,133.4,2071,8.4,24.06,19.3,64.8,38.9,9.6,48.8,4.6,2191,43200,6044,8.2,81.7,43110,56470
00BEGT,E05000549,Southwark,Rotherhithe,342694,196,35.5,326,107.3,1547,7.5,31.60,19.1,57.8,36.1,29.7,0.0,4.8,2700,5900,5884,7.4,80.3,36970,47830
00BEGU,E05000550,Southwark,South Bermondsey,215000,105,35.1,336,93.2,1316,8.3,29.64,19.4,65.2,38.6,18.0,0.0,3.6,3030,2300,5639,9.4,81.5,31150,40280
00BEGW,E05000551,Southwark,South Camberwell,285000,170,26.6,341,59.6,769,7.4,23.88,18.6,53.6,34.7,28.5,28.8,4.3,2026,2800,5803,9.3,83.8,41130,53610
00BEGX,E05000552,Southwark,Surrey Docks,310000,224,23.6,294,62.0,896,7.9,23.20,18.5,52.2,34.0,19.9,0.0,2.7,1533,3500,7305,5.2,80.4,45410,59870
00BEGY,E05000553,Southwark,The Lane,320500,182,31.2,331,127.6,2034,7.5,29.21,18.9,59.5,37.0,10.3,50.0,5.6,3319,4200,5706,10.2,81.1,37940,49140
00BEGZ,E05000554,Southwark,Village,650000,165,8.1,376,70.0,869,7.7,11.97,18.7,53.8,34.2,30.7,17.1,3.7,895,2800,5329,4.2,84.8,58400,80780
00BFGC,E05000555,Sutton,Beddington North,240000,121,12.1,359,61.1,648,7.9,20.41,17.9,41.8,29.1,42.7,2.2,2.6,908,8900,5417,3.2,83.3,39290,48270
00BFGD,E05000556,Sutton,Beddington South,345000,73,30.9,349,63.0,691,7.6,21.81,17.7,40.2,28.2,39.7,3.1,2.0,1786,2100,4746,6.0,82.3,35600,43390
00BFGE,E05000557,Sutton,Belmont,260000,158,11.3,381,29.7,308,8.2,17.23,17.7,39.6,27.8,14.7,9.6,2.1,810,3700,5352,3.4,83.2,44260,55230
00BFGF,E05000558,Sutton,Carshalton Central,249000,151,12.8,371,47.9,497,7.7,13.07,17.9,43.0,29.3,23.2,29.2,3.1,671,2800,5237,3.2,83.5,42200,52290
00BFGG,E05000559,Sutton,Carshalton South and Clockhouse,340000,89,11.8,370,34.4,349,8.1,14.57,17.5,37.2,26.9,67.1,37.1,2.0,747,1600,4918,2.7,83.0,44270,55240
00BFGH,E05000560,Sutton,Cheam,375000,130,6.9,382,34.0,360,7.8,12.54,17.8,38.9,27.5,24.0,8.4,2.0,559,3400,4757,2.1,82.9,46220,58070
00BFGJ,E05000561,Sutton,Nonsuch,310000,128,7.7,380,40.4,442,7.9,10.69,17.8,41.2,28.6,9.4,7.5,2.2,600,2600,5234,2.2,86.2,42640,52920
00BFGK,E05000562,Sutton,St. Helier,191375,82,28.1,326,61.9,762,7.8,26.53,18.1,45.0,30.2,23.0,2.3,2.9,2481,4000,4839,5.6,80.8,31040,37720
00BFGL,E05000563,Sutton,Stonecot,260000,109,9.6,366,41.4,457,8.1,20.30,18.0,44.2,29.8,21.3,74.1,2.4,756,2700,5517,2.7,81.4,39210,48160
00BFGM,E05000564,Sutton,Sutton Central,192500,146,21.7,354,154.1,1765,7.9,20.64,17.9,45.6,30.4,11.4,88.0,4.2,1554,18200,5611,3.9,81.3,35660,43470
00BFGN,E05000565,Sutton,Sutton North,235000,107,15.6,358,46.6,495,7.9,20.19,17.9,43.0,29.5,24.8,58.4,3.1,1065,1400,5021,3.8,82.9,38060,46630
00BFGP,E05000566,Sutton,Sutton South,199950,175,14.9,378,38.3,381,8.0,18.23,17.6,39.9,28.0,13.1,16.2,3.3,931,2900,4990,3.2,80.5,40460,49870
00BFGQ,E05000567,Sutton,Sutton West,212250,152,10.3,375,30.9,337,8.0,17.15,18.1,43.5,29.4,23.7,42.6,3.4,684,1800,5865,2.8,81.9,41610,51470
00BFGR,E05000568,Sutton,The Wrythe,226000,118,15.9,348,51.4,540,7.6,23.99,17.8,42.3,29.2,16.3,17.3,2.5,1335,1700,5408,3.8,80.0,36790,44940
00BFGS,E05000569,Sutton,Wallington North,194995,217,14.6,373,59.6,652,8.0,15.69,18.1,44.1,29.7,20.1,6.5,3.3,1102,3400,5420,3.3,82.4,38710,47500
00BFGT,E05000570,Sutton,Wallington South,219750,142,18.1,382,59.0,627,8.0,24.51,17.9,43.0,29.1,11.2,87.7,3.2,1327,3300,4896,3.3,82.6,37960,46490
00BFGU,E05000571,Sutton,Wandle Valley,186025,110,28.3,340,52.7,639,8.0,22.77,18.0,43.2,29.7,39.2,0.0,2.2,2427,2400,5254,5.6,79.9,32330,39290
00BFGW,E05000572,Sutton,Worcester Park,260950,226,14,375,32.4,390,8.0,18.24,17.7,41.9,28.9,25.5,42.0,2.3,908,2800,5429,2.7,84.1,40610,50070
00BGFW,E05000573,Tower Hamlets,Bethnal Green North,275000,100,45.6,336,118,1697,8.1,25.7,19.4,63.6,38.3,13.0,1.9,6.0,4282,4900,4904,11.2,78.2,36230,47380
00BGFX,E05000574,Tower Hamlets,Bethnal Green South,245000,82,46,327,128,1904,7.7,24.7,19.3,63.1,38.3,18.8,77.3,6.7,4992,3400,5353,13.5,79.3,32860,43160
00BGFY,E05000575,Tower Hamlets,Blackwall and Cubitt Town,333000,399,39.7,320,52,1124,7.8,25.5,19.6,58.8,35.9,6.3,12.2,3.5,4013,21300,6546,8.2,81.8,43330,56890
00BGFZ,E05000576,Tower Hamlets,Bow East,240875,212,48.3,331,101,1545,7.8,24.8,20.0,63.4,37.5,31.5,0.0,3.7,3573,5800,4185,9.3,79.3,36800,48110
00BGGA,E05000577,Tower Hamlets,Bow West,289000,139,34.3,335,118,1583,8.0,22.8,19.0,56.4,35.5,38.1,0.0,5.4,3429,2500,5232,8.7,80.8,41000,53680
00BGGB,E05000578,Tower Hamlets,Bromley-by-Bow,240000,234,46.5,340,77,1325,7.1,24.2,19.9,64.3,37.4,14.5,0.0,4.3,5388,3700,3956,16.3,81.3,31980,42100
00BGGC,E05000579,Tower Hamlets,East India and Lansbury,233750,84,48.8,325,90,1422,7.7,24.5,20.1,65.5,37.9,22.2,49.3,3.4,6338,2700,4140,15.0,78.2,29680,39370
00BGGD,E05000580,Tower Hamlets,Limehouse,275000,177,43.7,324,79,1320,8.3,28.1,20.1,65.7,38.8,14.1,24.4,4.5,5123,3900,5343,10.7,77.5,36260,47410
00BGGE,E05000581,Tower Hamlets,Mile End and Globe Town,249999,111,45.3,343,88,1404,8.1,24.4,19.2,61.3,37.2,17.1,0.0,5.5,4245,7500,4532,10.5,78.6,34300,44940
00BGGF,E05000582,Tower Hamlets,Mile End East,237000,161,46.1,342,83,1193,7.7,30.0,19.1,56.8,35.7,25.2,0.0,5.3,4908,3400,4393,14.2,80.0,32510,42740
00BGGG,E05000583,Tower Hamlets,Millwall,340000,730,38.3,334,69,1730,7.8,25.9,18.8,53.0,34.1,8.4,36.8,3.4,3303,106700,7629,7.1,82.7,46940,62060
00BGGH,E05000584,Tower Hamlets,St. Dunstan's and Stepney Green,272000,105,44.1,352,71,1200,7.5,26.1,19.0,57.9,36.1,15.9,26.5,5.0,6378,2600,4365,13.6,78.9,32930,43240
00BGGJ,E05000585,Tower Hamlets,St. Katherine's and Wapping,379250,216,31.2,349,92,1196,7.6,20.6,19.6,65.3,38.8,14.0,99.6,3.8,2279,15700,6494,7.3,81.5,50770,67760
00BGGK,E05000586,Tower Hamlets,Shadwell,320000,156,47.2,343,86,1337,8.0,26.6,20.5,70.5,40.3,11.9,55.1,5.1,4929,3400,4777,13.4,81.2,36360,47540
00BGGL,E05000587,Tower Hamlets,Spitalfields and Banglatown,380000,119,37.3,347,225,2522,7.1,24.8,20.1,74.3,42.2,6.0,100.0,6.4,3245,24700,3345,13.2,79.8,39910,52210
00BGGM,E05000588,Tower Hamlets,Weavers,326500,102,45.6,338,141,2009,7.7,26.9,19.3,64.5,38.9,23.5,13.8,5.1,3870,3800,4667,13.3,79.0,37760,49350
00BGGN,E05000589,Tower Hamlets,Whitechapel,310000,215,41.3,349,114,1850,7.7,25.7,20.3,75.1,42.3,8.9,100.0,6.3,4225,21600,4876,11.4,77.0,37600,49140
00BHFX,E05000590,Waltham Forest,Cann Hall,215000,75,31.4,311,61.4,875,7.8,24.00,18.4,50.1,32.7,7.1,8.0,2.9,3244,1600,5260,8.6,79.5,32700,39010
00BHFY,E05000591,Waltham Forest,Cathall,232500,62,34.7,331,65.9,868,7.6,25.12,19.2,58.1,35.5,22.7,59.4,4.6,3235,1400,4952,10.1,81.5,30950,36980
00BHFZ,E05000592,Waltham Forest,Chapel End,239250,160,25.6,327,73.7,1068,7.8,22.72,18.5,51.6,32.8,32.1,26.6,2.9,2423,3900,5609,5.7,83.4,36440,43550
00BHGA,E05000593,Waltham Forest,Chingford Green,273748,118,21.7,356,71.0,748,8.1,17.78,17.5,38.9,27.6,57.6,0.0,2.7,1413,3400,4530,4.2,82.1,39280,47150
00BHGB,E05000594,Waltham Forest,Endlebury,286500,116,22.9,335,56.5,626,7.5,19.69,17.8,42.4,29.1,21.4,0.0,2.3,1478,1100,5072,4.3,85.6,38580,46250
00BHGC,E05000595,Waltham Forest,Forest,250000,98,20.4,337,92.2,1208,7.7,22.78,18.3,48.9,32.3,38.8,26.2,4.1,2314,6100,5223,7.8,81.5,36080,43100
00BHGD,E05000596,Waltham Forest,Grove Green,212000,131,21.1,331,61.5,932,7.4,30.79,19.0,56.3,35.0,4.2,97.9,4.2,2279,1000,5977,8.1,83.5,36350,43440
00BHGE,E05000597,Waltham Forest,Hale End and Highams Park,275500,103,24.3,350,62.2,740,7.8,19.77,18.3,49.3,31.8,42.7,0.0,2.4,1898,5400,5013,4.9,83.5,39490,47420
00BHGF,E05000598,Waltham Forest,Hatch Lane,242500,129,27,347,62.7,712,7.7,18.09,17.8,42.8,29.2,37.4,0.0,2.4,2135,1500,4577,5.7,80.4,36110,43140
00BHGG,E05000599,Waltham Forest,High Street,217250,162,26.6,340,157.2,2300,7.6,24.42,18.0,46.9,31.6,30.5,97.2,4.2,2754,3500,5866,6.8,82.6,34810,41540
00BHGH,E05000600,Waltham Forest,Higham Hill,191375,114,35.7,320,63.4,878,8.0,26.76,18.1,46.2,31.1,28.0,36.5,2.6,3653,3100,5040,8.4,80.9,31270,37350
00BHGJ,E05000601,Waltham Forest,Hoe Street,250000,133,28.2,337,101.8,1467,7.5,25.71,18.2,50.7,32.9,14.6,90.4,5.1,3097,2600,5757,9.0,79.7,34890,41630
00BHGK,E05000602,Waltham Forest,Larkswood,250000,117,26.8,351,59.1,699,7.8,20.41,17.9,44.2,30.0,32.7,6.0,2.8,2173,2100,5180,4.9,82.3,35170,41980
00BHGL,E05000603,Waltham Forest,Lea Bridge,201500,114,29.3,331,95.4,1592,7.9,23.58,18.3,50.7,33.1,37.3,73.3,3.6,3434,5100,5967,9.7,78.1,31450,37560
00BHGM,E05000604,Waltham Forest,Leyton,198000,84,36.4,317,92.1,1355,7.8,22.59,18.6,52.3,33.5,28.0,96.6,3.8,3686,5100,5502,10.4,80.5,31040,37090
00BHGN,E05000605,Waltham Forest,Leytonstone,249998,92,22.5,345,95.5,1272,7.3,17.77,19.8,65.8,37.7,9.0,12.4,4.9,2049,3600,5748,6.6,80.6,38700,46400
00BHGP,E05000606,Waltham Forest,Markhouse,220000,115,30.9,336,80.3,1173,8.0,25.00,18.0,46.5,31.5,31.7,99.8,4.0,3228,1800,5201,8.7,81.2,33780,40300
00BHGQ,E05000607,Waltham Forest,Valley,205500,124,29.3,337,122.8,1447,7.7,24.21,18.9,52.8,32.9,20.6,20.1,2.4,2376,3200,5113,5.5,83.0,34250,40860
00BHGR,E05000608,Waltham Forest,William Morris,218000,141,32.9,343,54.9,749,7.4,23.41,18.2,49.3,32.1,5.4,91.7,3.3,3063,2100,5642,7.4,80.4,35070,41860
00BHGS,E05000609,Waltham Forest,Wood Street,250000,117,29,331,81.3,1131,7.8,24.37,18.3,48.4,31.9,38.5,4.3,3.5,3177,2300,5423,8.7,80.2,35130,41930
00BJFZ,E05000610,Wandsworth,Balham,500000,272,8.2,358,78.3,1155,7.4,15.59,18.9,55.4,35.0,11.4,0.0,4.6,1179,3600,7984,4.4,84.6,53420,76280
00BJGA,E05000611,Wandsworth,Bedford,334500,230,18,342,69.5,1020,7.3,16.00,18.6,52.0,33.7,38.7,0.0,4.2,1710,1900,8207,5.5,81.3,46410,64470
00BJGB,E05000612,Wandsworth,Earlsfield,370000,348,22.9,344,59.9,931,7.3,21.54,18.8,56.0,34.9,16.0,7.6,3.6,2037,6000,7636,4.5,81.9,44360,61190
00BJGC,E05000613,Wandsworth,East Putney,390000,384,14.7,339,42.3,645,7.9,15.26,18.8,56.4,35.1,11.7,41.0,4.3,1312,4000,8166,4.0,83.3,49010,68740
00BJGD,E05000614,Wandsworth,Fairfield,390000,332,16.8,351,94.4,1401,7.6,21.19,19.9,68.1,39.4,6.5,17.4,5.2,1473,7900,8114,4.2,80.8,48590,68040
00BJGE,E05000615,Wandsworth,Furzedown,261000,158,26.7,356,49.2,763,7.4,19.03,18.3,49.5,32.7,15.1,12.6,3.1,2832,1400,6896,6.0,82.4,38240,51860
00BJGF,E05000616,Wandsworth,Graveney,267000,229,28.2,335,93.9,1437,7.2,21.82,18.7,53.4,34.0,4.1,0.0,5.2,2728,3300,7465,6.3,82.1,37960,51450
00BJGG,E05000617,Wandsworth,Latchmere,290000,136,39.6,339,76.1,1183,7.1,26.71,19.5,64.8,38.5,15.6,42.9,5.3,3908,2500,6427,8.1,79.7,34990,47200
00BJGH,E05000618,Wandsworth,Nightingale,400500,266,11.3,355,72.5,1059,7.6,19.10,18.7,53.8,34.3,8.8,0.0,5.3,1442,3700,7906,4.5,79.4,50790,71740
00BJGJ,E05000619,Wandsworth,Northcote,540000,305,5.5,356,107.6,1610,7.6,8.42,19.0,59.6,36.7,33.6,0.0,4.9,984,6400,8125,3.8,84.9,55810,80510
00BJGK,E05000620,Wandsworth,Queenstown,413250,320,35.2,323,76.7,1390,7.2,26.02,19.3,60.5,37.2,29.7,10.7,4.3,2808,12100,7191,7.6,82.1,39580,53840
00BJGL,E05000621,Wandsworth,Roehampton,249000,102,37.7,336,58.4,988,7.2,21.69,18.3,47.8,31.9,66.5,0.0,2.9,3745,4200,5450,8.4,79.6,30320,40880
00BJGM,E05000622,Wandsworth,St. Mary's Park,475000,289,25.6,343,74.5,1252,8.2,24.23,19.3,60.7,37.4,9.6,17.6,3.5,2189,10000,7249,6.0,78.6,44720,61760
00BJGN,E05000623,Wandsworth,Shaftesbury,480000,294,16.2,336,80.0,1138,7.6,24.14,19.3,63.9,38.0,6.4,0.0,5.0,1404,4200,8239,4.4,81.5,50410,71090
00BJGP,E05000624,Wandsworth,Southfields,412250,327,15.3,373,63.5,1034,7.6,16.52,18.7,53.5,34.0,16.4,10.2,3.8,1779,5300,8585,4.2,83.2,48160,67330
00BJGQ,E05000625,Wandsworth,Thamesfield,525000,307,7.2,394,98.7,1472,7.9,13.64,18.6,55.2,34.9,21.4,16.4,4.7,692,10100,7886,3.9,85.9,55380,79730
00BJGR,E05000626,Wandsworth,Tooting,323850,184,33.1,345,75.2,1258,7.4,20.34,18.5,52.7,33.8,26.8,7.4,5.1,2909,12100,7312,6.1,81.1,36000,48630
00BJGS,E05000627,Wandsworth,Wandsworth Common,450000,301,7.1,345,53.7,839,7.6,17.17,18.7,53.9,34.3,40.2,1.2,2.6,1081,3800,7298,4.1,80.6,51420,72820
00BJGT,E05000628,Wandsworth,West Hill,275000,209,28,353,38.8,638,7.9,20.84,18.2,50.1,32.5,24.0,4.4,2.9,2755,2300,7650,5.9,80.0,40360,55010
00BJGU,E05000629,Wandsworth,West Putney,374000,265,22.3,338,51.0,762,7.4,20.68,18.2,49.3,32.6,18.3,0.0,2.8,2183,2000,6242,5.1,81.2,43280,59490
00BKGA,E05000630,Westminster,Abbey Road,685000,208,19,361,51.7,590,8.2,23.17,19.2,66.4,39.3,7.7,43.0,5.4,871,3500,4793,4.6,87.9,52200,90170
00BKGB,E05000631,Westminster,Bayswater,550000,227,20.9,367,105.6,1105,8.1,21.98,20.8,99.6,48.2,5.0,4.9,6.0,1238,3900,4805,6.6,84.5,49960,85610
00BKGC,E05000632,Westminster,Bryanston and Dorset Square,675000,200,26.7,323,197.1,2454,8.1,34.04,22.6,99.7,51.2,3.6,0.0,8.0,923,28000,6140,6.0,85.9,51370,88470
00BKGD,E05000633,Westminster,Churchill,641000,135,46.6,352,125.2,1274,8.1,26.92,20.1,70.1,41.0,9.6,9.7,4.8,2351,3500,3947,8.1,82.8,39530,65830
00BKGE,E05000634,Westminster,Church Street,390000,43,52.7,346,76.5,919,8.1,26.20,20.3,76.9,43.3,11.8,12.1,6.1,4910,4400,2647,11.5,81.0,26290,44380
00BKGF,E05000635,Westminster,Harrow Road,350000,136,45.6,326,65.1,799,8.0,29.45,19.3,66.8,39.6,3.9,0.0,5.5,3502,2100,4212,10.0,80.1,35000,58030
00BKGG,E05000636,Westminster,Hyde Park,630000,261,33.1,345,160.6,2099,7.7,21.43,22.0,99.1,50.0,12.9,4.8,7.8,1401,29600,5582,5.8,83.3,46880,79530
00BKGJ,E05000638,Westminster,Lancaster Gate,699000,197,25.2,385,153.6,2088,7.9,22.76,19.7,70.6,41.0,9.1,0.0,7.1,1430,7800,7006,6.3,85.7,49290,84280
00BKGK,E05000639,Westminster,Little Venice,650000,205,30.1,355,72.9,793,8.2,21.34,20.5,76.4,43.0,18.6,82.1,5.6,1682,2800,4522,5.4,82.9,48770,83230
00BKGL,E05000640,Westminster,Maida Vale,550000,145,38.6,344,68.7,715,7.7,25.25,18.7,60.1,37.5,25.1,78.4,5.3,1955,1900,5477,6.0,83.5,45660,77170
00BKGN,E05000642,Westminster,Queen's Park,390014,95,46.8,346,53.6,690,7.5,29.16,19.0,64.6,38.8,4.8,0.0,5.0,4674,2100,3957,11.3,80.0,32260,53520
00BKGP,E05000643,Westminster,Regent's Park,540000,187,30.8,349,72.7,899,7.7,20.83,19.5,66.6,39.6,46.9,1.7,5.1,1592,9600,5228,5.9,85.4,46510,78810
00BKGQ,E05000644,Westminster,St. James's,690000,185,18.3,350,1165.2,13538,8.0,26.09,21.5,92.4,49.4,20.2,100.0,7.6,1742,203300,4981,7.2,84.0,52520,90820
00BKGR,E05000645,Westminster,Tachbrook,515000,97,24.5,345,55.4,466,7.7,32.00,20.5,72.0,41.8,6.7,100.0,6.1,1060,2000,4981,5.9,83.8,47340,80420
00BKGS,E05000646,Westminster,Vincent Square,600000,166,32.3,335,87.5,903,7.6,24.85,20.6,77.1,43.8,9.1,40.7,6.7,1619,22200,4480,7.2,82.5,46550,78880
00BKGT,E05000647,Westminster,Warwick,590000,167,27.7,343,144.5,1397,8.2,25.23,20.9,84.6,46.4,4.9,30.8,6.3,1171,19300,5036,5.7,84.3,50250,86200
00BKGU,E05000648,Westminster,Westbourne,415000,105,50.2,342,75.5,989,8.0,26.56,21.1,94.8,47.8,19.2,13.4,4.7,4810,3300,4573,9.7,78.3,32390,53730
00BKGW,E05000649,Westminster,West End,950000,159,17.9,303,1440.2,15866,7.7,23.88,21.5,94.9,50.7,3.5,13.6,7.9,958,202500,4378,6.7,82.9,54970,95940
#1,E12000007,,London,292000,89815,26.5,344,82.8,700805,7.6,22.5,18.5,52.2,33.2,38.3,26.3,3.7,,4449500,3580386,6.5,81.8,39110,51770
,,,,,,,,,,,,,,,,,,,,,,,,
,,,,,,,,,,,,,,,,,,,,,,,,
,,,,,,,,,,,,,,,,,,,,,,,,
,,,,,,,,,,,,,,,,,,,,,,,,
,,,,,,,,,,,,,,,,,,,,,,,,
,,,,,,,,,,,,,,,,,,,,,,,,
,,,,,,,,,,,,,,,,,,,,,,,,
,,,,,,,,,,,,,,,,,,,,,,,,
,,,,,,,,,,,,,,,,,,,,,,,,
,,,,,,,,,,,,,,,,,,,,,,,,
,,,,,,,,,,,,,,,,,,,,,,,,
,,,,,,,,,,,,,,,,,,,,,,,,
,,,,,,,,,,,,,,,,,,,,,,,,
,,,,,,,,,,,,,,,,,,,,,,,,
,,,,,,,,,,,,,,,,,,,,,,,,
,,,,,,,,,,,,,,,,,,,,,,,,
,,,,,,,,,,,,,,,,,,,,,,,,
,,,,,,,,,,,,,,,,,,,,,,,,
,,,,,,,,,,,,,,,,,,,,,,,,
,,,,,,,,,,,,,,,,,,,,,,,,
,,,,,,,,,,,,,,,,,,,,,,,,
,,,,,,,,,,,,,,,,,,,,,,,,
,,,,,,,,,,,,,,,,,,,,,,,,
,,,,,,,,,,,,,,,,,,,,,,,,
,,,,,,,,,,,,,,,,,,,,,,,,
,,,,,,,,,,,,,,,,,,,,,,,,
,,,,,,,,,,,,,,,,,,,,,,,,
,,,,,,,,,,,,,,,,,,,,,,,,
,,,,,,,,,,,,,,,,,,,,,,,,
,,,,,,,,,,,,,,,,,,,,,,,,
,,,,,,,,,,,,,,,,,,,,,,,,
,,,,,,,,,,,,,,,,,,,,,,,,
,,,,,,,,,,,,,,,,,,,,,,,,
,,,,,,,,,,,,,,,,,,,,,,,,
